23342028796,Ğ›Ğ¸Ğ½Ğ° Ğ—Ğ°Ğ¹Ñ†ĞµĞ²Ğ°,linazaitseva368,False
21244515507,Ğ”Ğ°Ñ€Ğ¸Ğ½Ğ° Ğ¡ĞµÑ€Ğ³Ğ¸ĞµĞ½ĞºĞ¾,darinasergienko9,False
3645640914,â€¢southâ€¢âˆ†â€¢sideâ€¢,jazz.jeka,True
10932646375,ğ•½ğ–”ğ–’ğ–†ğ–“ ğ•·ğ–Šğ–†ğ–˜ğ–ğ–ˆğ–ğ–Šğ–“ğ–ğ–”,enter_text_please,False
6959221939,Ğ ÑƒÑĞ»Ğ°Ğ½ Ğ¡Ğ¸Ñ€Ğ¾Ñ…Ğ¼Ğ°Ğ½,ruslansirokhman,False
7860683757,Ğ’Ğ¸Ñ‚Ğ°Ğ»Ñ Ğ›ĞµĞ¾Ğ½Ğ¾Ğ²ĞµÑ†,vitalii_leonovets20,False
11688864921,Anya,anna_kolomak,False
8721294244,Ğ”Ğ¼Ğ¸Ñ‚Ñ€Ğ¸Ğ¹ Ğ›ÑÑ‰ĞµĞ½ĞºĞ¾,liashchenko_d,False
9043965724,Ğ›Ğ¸Ğ»Ğ¸Ñ ĞÑ‚Ğ¼Ğ°Ğ´Ğ¶Ğ°,liliiaatmadzha,False
10014686546,Aurika Prikhodko,aurika_art,False
6823410385,Ğ˜Ñ€Ğ¸Ğ½Ğ° Ğ˜Ğ»ÑŒĞ¸Ñ‡ĞµĞ²Ğ°,ilicheva99,True
11468743797,Linka)))),linkasmile20,False
7168620925,K_r_a_l_i_Ã§_eğŸ‘‘,milaya_marta_,False
1621362186,Borys,goodft100,False
5965930381,DimonğŸ™ƒ,dimoyka,True
5931727934,ğŸŒ¿    ~pRoStO rYsIa~    ğŸŒ¿,r_ys_ic_hk_a,False
6989552690,Anastasiya_Mart,_anastasiya_mart_,False
2375379079,NASTYA ZELENOVA,ananastasiyka___,True
7664185518,Elizaveta,elizavetadan_,False
2226506665,Illya,ilya._.kruglikov,False
4462523247,,natalie_kruglikova,False
7202074498,Ğ’Ğ»Ğ°Ğ´Ğ¸ÑĞ»Ğ°Ğ² ĞœĞ¸Ñ…Ğ°Ğ»ĞºĞ¾,vladislavmikhalko,False
8429561663,ĞĞ½Ğ´Ñ€ĞµĞ¹,andrej.anpilogov,False
28456715383,Igor Butkevih,igorbutkevih,False
5488664810,Ğ”Ğ°Ğ²Ğ¸Ğ´ & ĞšĞ°Ñ‚Ñ,__petrov_david_katerina__,False
7219712852,Anna,anna_4378,False
2242366335,ğŸ’Anastasiya MartğŸ’,anastasiya__mart,False
6860842791,ĞĞ½Ğ½Ğ° Ğ¡ĞºĞ¾Ñ‡ĞºĞ¾,181920anna,False
8938748268,Aiex Quinn,werg576355,False
29059538538,Ğ—Ğ°Ğ±Ñ”Ğ»Ñ–Ğ½Ğ° Ğ›Ñ–Ğ»Ñ–Ñ,zabielinaliliia,False
13548381260,Ğ¥Ñ€Ğ¸ÑÑ‚Ğ¸Ğ°Ğ½ÑĞºĞ°Ñ Ğ³Ñ€ÑƒĞ¿Ğ¿Ğ°,one_spirit_band,False
2228248730,,morik_m_v,True
8537296414,Ğ”Ğ°Ğ²Ğ¸Ğ´ Ğ’Ğ°Ñ€Ñ‚Ğ°Ğ½ÑĞ½,david_23_32,False
7754533000,ĞĞ»ĞµĞºÑĞ°Ğ½Ğ´Ñ€ Ğ®Ñ…Ğ½Ğ¾,iukhno.a,False
6332056543,,__happy_21080907,False
11686714395,ĞĞ»ÑŒĞºĞ° ĞĞ½Ğ¿Ğ¸Ğ»Ğ¾Ğ³Ğ¾Ğ²Ğ°,olkaanpilogova,False
3193622672,Ğ¡ĞµÑ€Ğ³ĞµĞ¹ Ğ¨ÑƒĞ±Ğ¸Ğ½,sergikshubin,False
5938850906,,savsenkoilya56,False
8765781684,Daria Avzhy,avzhydasha,False
5391048202,Ğ’Ğ»Ğ°Ğ´Ğ¸ÑĞ»Ğ°Ğ² Ğ—Ğ°Ğ±ĞµĞ»Ğ¸Ğ½,vlad12543zab,True
3272128261,â€  Quest&Travel Christians â€ ,qt_christians,False
611453282,,bgd.na,False
2112756416,Ğ’Ğ°Ğ»ĞµÑ€Ğ°,vechnoo.molodoyy,True
10630862973,NadiiağŸ­ğŸ¬ğŸ¨,nadiia2982,False
20220274947,Ğ».ÑŒ.Ğ¾.Ñ….Ğ°._008,l.o.k.h.a_008,False
6258494833,Daniil2000,yhno_daniil,False
18283017081,Ğ–Ğ°Ğ½ĞµÑ‚Ñ‚Ğ°,fiery_janett,False
19723809737,ĞœĞ°ĞºÑ,4560maks,False
6067309599,Ğ˜Ğ½Ğ½Ğ° Ğ©ĞµÑ€Ğ±Ğ¸Ğ½Ğ¸Ğ½Ğ°,inok_shch,False
5476832857,ğ”¸ğ•Ÿğ•ªğ•’,anya_nonka,False
5109356527,Savsenko  (*-*)----,savsenkolllya,False
6382860954,Ivan,karpovych_ivan,False
5914961676,p.a.v.l.e.l.i.n.a.j.i,p.a.v.l.e.l.i.n.a.j.i,True
6933393000,Ğ•Ğ³Ğ¾Ñ€ Ğ¡ĞµÑ€Ğ³Ğ¸ĞµĞ½ĞºĞ¾,na4_blogers,False
17175586806,Ğ›ĞµĞ½Ğ° ĞšĞ°Ñ€Ğ¿ĞµĞ½ĞºĞ¾,lenochka_karpenochka,False
6944126829,ĞœĞ¸Ñ…Ğ°Ğ¸Ğ» ĞŸĞ¸Ğ»Ğ¸Ğ¿ĞµĞ½ĞºĞ¾,mishanya1357,False
5782776302,Ğ¡Ğ¾Ñ„Ğ¸Ñ,sofiya_1899,False
3941795329,Ğ¥Ğ°Ñ€Ñ‡ĞµĞ½ĞºĞ¾ Ğ”Ğ°Ñ€ÑŒÑ,kharchenko1389,False
5591352912,Yana  Stroieva,stroeva.yana,True
3067205586,ĞœĞ¾Ğ»Ğ¾Ğ´ĞµĞ¶ÑŒ Ñ†ĞµÑ€ĞºĞ²Ğ¸ Ğ”Ğ¾Ğ±Ñ€Ğ°Ñ Ğ²ĞµÑÑ‚ÑŒ,youth_dv,False
4245169708,_â“ˆâ“‹â’ºâ“‰â“â’¶â“ƒâ’¶_,sveta.p.i._,False
9619073862,Igor amigo,igor_amigo002002k,False
7572621907,ĞĞ´Ğ°Ğ¼ ĞĞ½Ğ´Ñ€ĞµĞµĞ²Ğ¸Ñ‡,adam_sopin777,False
20256942926,Ğ¡Ğ²ĞµÑ‚Ğ¸Ğº;),cvet.svet.lana3,True
3637277553,Ğ’Ğ°Ñ€Ñ‚Ğ°Ğ½ÑĞ½.ĞÑ€Ğ°Ğ¼,vartanyan_aramchik,False
17346738487,Kozlov Alexander,alexkosslov,False
5556385747,Ğ—Ğ°Ñ”Ñ†ÑŒ Ğ¡Ğ²Ñ–Ñ‚Ğ»Ğ°Ğ½Ğ°,_zsvitlana_,True
4326673604,Arina LaskavetskayağŸŒ¾,arinals6323,False
5316467477,petrov_german,g.e.r.m.a.n_,False
10155883307,Pavel Klyauzer,pavel_klyauzer,False
18267758011,Ğ¥Ñ€Ğ¸ÑÑ‚Ğ¸Ğ°Ğ½ÑĞºĞ°Ñ ĞœÑƒĞ·Ñ‹ĞºĞ°Ğ»ÑŒĞ½Ğ°Ñ Ğ¨ĞºĞ¾Ğ»Ğ°,worship_music_school,False
18077067800,virsavia_tar7,virsavia_tar,False
11635113164,ĞĞ½Ğ½Ğ° Ğ§ÑƒĞ¼Ğ°ĞºğŸ‡ºğŸ‡¦,chumak_ann_romanovna,False
4833060249,Aurika Prikhodko,ulirika_72,False
14881804494,Ğ¦ĞµÑ€ĞºĞ¾Ğ²ÑŒ Â«Ğ¡Ğ²ÑÑ‚Ğ°Ñ Ğ¢Ñ€Ğ¾Ğ¸Ñ†Ğ°Â»,ht.church,False
7064214399,Lena Luchka,luchka.l,False
9382799027,Ğ¯Ğ½Ğ°,kotko.yana,False
5952457451,ğ’¦ğ’¶ğ“‡ğ’¾ğ“ƒğ‘’ğŸ¦‹,kari_n_ochi,False
6894910188,ryslana9688,ryslanka9688,False
10266089761,YAKUSHEVSKYI,yakushevskyi.p,False
5927486870,"ĞœĞ¾Ğ»Ğ¾Ğ´ĞµĞ¶ÑŒ Ñ†ĞµÑ€ĞºĞ²Ğ¸ ""ĞŸÑ€ĞµĞ¾Ğ±Ñ€Ğ°Ğ¶ĞµĞ½Ğ¸Ğµ""",pb_church,False
7555815974,Ğ¦ĞµÑ€ĞºĞ¾Ğ²ÑŒ Ğ”Ğ¾Ğ±Ñ€Ğ°Ñ Ğ’ĞµÑÑ‚ÑŒ,churchdobrayavest,False
1338171996,House Of Bread Church,houseofbreadchurch,False
8639559619,Ğ’ĞµÑĞµĞ»Ñ‹Ğ¹ Ğ¡Ñ‹Ğ½ ĞŸĞ°ÑÑ‚Ğ¾Ñ€Ğ°,veseliy_syn_pastora,False
8799765612,Ğ®Ğ¼Ğ¾Ñ€ Ğ¡Ğ¾Ğ»Ğ¾Ğ¼Ğ¾Ğ½Ğ°,solomonshumor,False
9648781361,ĞĞ¢Ğ ĞĞ”ĞĞ«Ğ™ ĞŸĞ ĞĞ¢Ğ•Ğ¡Ğ¢ĞĞĞ¢,otradnyy_protestant,False
1328313802,yesHEis â€¢ Ğ–Ğ¸Ğ²Ğ¸ ĞœĞ¸ÑÑĞ¸ĞµĞ¹ ğŸ’«,yesheiscis,False
10855814,ĞšĞ°Ñ€Ğ°Ğ³ÑĞ½ ĞšĞ°Ñ€ĞµĞ½ ĞĞ»ĞµĞºÑĞ°Ğ½Ğ´Ñ€Ğ¾Ğ²Ğ¸Ñ‡,worshipovec,False
4847375641,Ğ­ĞšĞ—Ğ•Ğ“Ğ•Ğ¢Ğª.Ğ Ğ£,ekzeget,False
1796618941,Aleksandr Shevchenko Ministry,aleksandrshevchenkoorg,False
4481870526,Ğ’ĞµÑĞµĞ»Ñ‹Ğ¹ Ğ¥Ñ€Ğ¸ÑÑ‚Ğ¸Ğ°Ğ½Ğ¸Ğ½,veseliychristianin,False
7110436559,Ğ¿Ñ€Ğ¾Ñ‚Ğ¾Ğ¸ĞµÑ€ĞµĞ¹ ĞĞ½Ğ´Ñ€ĞµĞ¹ Ğ¢ĞºĞ°Ñ‡ĞµĞ²,andreytkachev_official,False
1273009120,Nick Vujicic,nickvujicic,False
8201905645,M A R G A R I T A,m__argarita,False
5731704091,Kristina Shevchenko,kristina_shevchenko98,False
3301876535,Olena Mukomel,olenamukomel,False
6216784741,Katya  Loschits,katya_romaschka,False
29799449112,Elisaveta,elisaveta488,False
8474443130,Svetlana Bogdanova,bogdanova160598,False
569739747,ĞĞ»ĞµĞ³ Ğ‘Ğ¾ĞºĞ¾Ğ²,olegbokov.life,False
21244515507,Ğ”Ğ°Ñ€Ğ¸Ğ½Ğ° Ğ¡ĞµÑ€Ğ³Ğ¸ĞµĞ½ĞºĞ¾,darinasergienko9,False
23342028796,Ğ›Ğ¸Ğ½Ğ° Ğ—Ğ°Ğ¹Ñ†ĞµĞ²Ğ°,linazaitseva368,False
3645640914,â€¢southâ€¢âˆ†â€¢sideâ€¢,jazz.jeka,True
7202074498,Ğ’Ğ»Ğ°Ğ´Ğ¸ÑĞ»Ğ°Ğ² ĞœĞ¸Ñ…Ğ°Ğ»ĞºĞ¾,vladislavmikhalko,False
7168620925,K_r_a_l_i_Ã§_eğŸ‘‘,milaya_marta_,False
5931727934,ğŸŒ¿    ~pRoStO rYsIa~    ğŸŒ¿,r_ys_ic_hk_a,False
10932646375,ğ•½ğ–”ğ–’ğ–†ğ–“ ğ•·ğ–Šğ–†ğ–˜ğ–ğ–ˆğ–ğ–Šğ–“ğ–ğ–”,enter_text_please,False
8721294244,Ğ”Ğ¼Ğ¸Ñ‚Ñ€Ğ¸Ğ¹ Ğ›ÑÑ‰ĞµĞ½ĞºĞ¾,liashchenko_d,False
3301876535,Olena Mukomel,olenamukomel,False
2112756416,Ğ’Ğ°Ğ»ĞµÑ€Ğ°,vechnoo.molodoyy,True
6959221939,Ğ ÑƒÑĞ»Ğ°Ğ½ Ğ¡Ğ¸Ñ€Ğ¾Ñ…Ğ¼Ğ°Ğ½,ruslansirokhman,False
11688864921,Anya,anna_kolomak,False
10014686546,Aurika Prikhodko,aurika_art,False
7860683757,Ğ’Ğ¸Ñ‚Ğ°Ğ»Ñ Ğ›ĞµĞ¾Ğ½Ğ¾Ğ²ĞµÑ†,vitalii_leonovets20,False
6823410385,Ğ˜Ñ€Ğ¸Ğ½Ğ° Ğ˜Ğ»ÑŒĞ¸Ñ‡ĞµĞ²Ğ°,ilicheva99,True
9043965724,Ğ›Ğ¸Ğ»Ğ¸Ñ ĞÑ‚Ğ¼Ğ°Ğ´Ğ¶Ğ°,liliiaatmadzha,False
5914961676,p.a.v.l.e.l.i.n.a.j.i,p.a.v.l.e.l.i.n.a.j.i,True
11468743797,Linka)))),linkasmile20,False
1621362186,Borys,goodft100,False
6933393000,Ğ•Ğ³Ğ¾Ñ€ Ğ¡ĞµÑ€Ğ³Ğ¸ĞµĞ½ĞºĞ¾,na4_blogers,False
5488664810,Ğ”Ğ°Ğ²Ğ¸Ğ´ & ĞšĞ°Ñ‚Ñ,__petrov_david_katerina__,False
7219712852,Anna,anna_4378,False
2226506665,Illya,ilya._.kruglikov,False
4462523247,,natalie_kruglikova,False
8429561663,ĞĞ½Ğ´Ñ€ĞµĞ¹,andrej.anpilogov,False
5782776302,Ğ¡Ğ¾Ñ„Ğ¸Ñ,sofiya_1899,False
6989552690,Anastasiya_Mart,_anastasiya_mart_,False
2375379079,NASTYA ZELENOVA,ananastasiyka___,True
13548381260,Ğ¥Ñ€Ğ¸ÑÑ‚Ğ¸Ğ°Ğ½ÑĞºĞ°Ñ Ğ³Ñ€ÑƒĞ¿Ğ¿Ğ°,one_spirit_band,False
7664185518,Elizaveta,elizavetadan_,False
28456715383,Igor Butkevih,igorbutkevih,False
3193622672,Ğ¡ĞµÑ€Ğ³ĞµĞ¹ Ğ¨ÑƒĞ±Ğ¸Ğ½,sergikshubin,False
11686714395,ĞĞ»ÑŒĞºĞ° ĞĞ½Ğ¿Ğ¸Ğ»Ğ¾Ğ³Ğ¾Ğ²Ğ°,olkaanpilogova,False
2242366335,ğŸ’Anastasiya MartğŸ’,anastasiya__mart,False
29059538538,Ğ—Ğ°Ğ±Ñ”Ğ»Ñ–Ğ½Ğ° Ğ›Ñ–Ğ»Ñ–Ñ,zabielinaliliia,False
7754533000,ĞĞ»ĞµĞºÑĞ°Ğ½Ğ´Ñ€ Ğ®Ñ…Ğ½Ğ¾,iukhno.a,False
5965930381,DimonğŸ™ƒ,dimoyka,True
2228248730,,morik_m_v,True
6860842791,ĞĞ½Ğ½Ğ° Ğ¡ĞºĞ¾Ñ‡ĞºĞ¾,181920anna,False
3272128261,â€  Quest&Travel Christians â€ ,qt_christians,False
8537296414,Ğ”Ğ°Ğ²Ğ¸Ğ´ Ğ’Ğ°Ñ€Ñ‚Ğ°Ğ½ÑĞ½,david_23_32,False
5391048202,Ğ’Ğ»Ğ°Ğ´Ğ¸ÑĞ»Ğ°Ğ² Ğ—Ğ°Ğ±ĞµĞ»Ğ¸Ğ½,vlad12543zab,True
8938748268,Aiex Quinn,werg576355,False
611453282,,bgd.na,False
6067309599,Ğ˜Ğ½Ğ½Ğ° Ğ©ĞµÑ€Ğ±Ğ¸Ğ½Ğ¸Ğ½Ğ°,inok_shch,False
8765781684,Daria Avzhy,avzhydasha,False
5938850906,Ğ¡Ğ°Ğ²Ñ‡ĞµĞ½ĞºĞ¾ Ğ˜Ğ»Ğ»Ğ¸Ñ,savsenkoilya56,False
6332056543,,__happy_21080907,False
6258494833,Daniil2000,yhno_daniil,False
10630862973,NadiiağŸ­ğŸ¬ğŸ¨,nadiia2982,False
8474443130,Svetlana Bogdanova,bogdanova160598,False
7572621907,ĞĞ´Ğ°Ğ¼ ĞĞ½Ğ´Ñ€ĞµĞµĞ²Ğ¸Ñ‡,adam_sopin777,False
5109356527,Savsenko  (*-*)----,savsenkolllya,False
18283017081,Ğ–Ğ°Ğ½ĞµÑ‚Ñ‚Ğ°,fiery_janett,False
3941795329,Ğ¥Ğ°Ñ€Ñ‡ĞµĞ½ĞºĞ¾ Ğ”Ğ°Ñ€ÑŒÑ,kharchenko1389,False
19723809737,ĞœĞ°ĞºÑ,4560maks,False
6216784741,Katya  Loschits,katya_romaschka,False
6382860954,Ivan,karpovych_ivan,False
11635113164,ĞĞ½Ğ½Ğ° Ğ§ÑƒĞ¼Ğ°ĞºğŸ‡ºğŸ‡¦,chumak_ann_romanovna,False
17175586806,Ğ›ĞµĞ½Ğ° ĞšĞ°Ñ€Ğ¿ĞµĞ½ĞºĞ¾,lenochka_karpenochka,False
4326673604,Arina LaskavetskayağŸŒ¾,arinals6323,False
5556385747,Ğ—Ğ°Ñ”Ñ†ÑŒ Ğ¡Ğ²Ñ–Ñ‚Ğ»Ğ°Ğ½Ğ°,_zsvitlana_,True
5591352912,Yana  Stroieva,stroeva.yana,True
20220274947,Ğ».ÑŒ.Ğ¾.Ñ….Ğ°._008,l.o.k.h.a_008,False
6944126829,ĞœĞ¸Ñ…Ğ°Ğ¸Ğ» ĞŸĞ¸Ğ»Ğ¸Ğ¿ĞµĞ½ĞºĞ¾,mishanya1357,False
3637277553,Ğ’Ğ°Ñ€Ñ‚Ğ°Ğ½ÑĞ½.ĞÑ€Ğ°Ğ¼,vartanyan_aramchik,False
14881804494,Ğ¦ĞµÑ€ĞºĞ¾Ğ²ÑŒ Â«Ğ¡Ğ²ÑÑ‚Ğ°Ñ Ğ¢Ñ€Ğ¾Ğ¸Ñ†Ğ°Â»,ht.church,False
9619073862,Igor amigo,igor_amigo002002k,False
10155883307,Pavel Klyauzer,pavel_klyauzer,False
3067205586,ĞœĞ¾Ğ»Ğ¾Ğ´ĞµĞ¶ÑŒ Ñ†ĞµÑ€ĞºĞ²Ğ¸ Ğ”Ğ¾Ğ±Ñ€Ğ°Ñ Ğ²ĞµÑÑ‚ÑŒ,youth_dv,False
4245169708,_â“ˆâ“‹â’ºâ“‰â“â’¶â“ƒâ’¶_,sveta.p.i._,False
5476832857,ğ”¸ğ•Ÿğ•ªğ•’,anya_nonka,False
20256942926,Ğ¡Ğ²ĞµÑ‚Ğ¸Ğº;),cvet.svet.lana3,True
4833060249,Aurika Prikhodko,ulirika_72,False
18267758011,Ğ¥Ñ€Ğ¸ÑÑ‚Ğ¸Ğ°Ğ½ÑĞºĞ°Ñ ĞœÑƒĞ·Ñ‹ĞºĞ°Ğ»ÑŒĞ½Ğ°Ñ Ğ¨ĞºĞ¾Ğ»Ğ°,worship_music_school,False
5316467477,petrov_german,g.e.r.m.a.n_,False
18077067800,virsavia_tar7,virsavia_tar,False
7064214399,Lena Luchka,luchka.l,False
17346738487,Kozlov Alexander,alexkosslov,False
9382799027,Ğ¯Ğ½Ğ°,kotko.yana,False
5952457451,ğ’¦ğ’¶ğ“‡ğ’¾ğ“ƒğ‘’ğŸ¦‹,kari_n_ochi,False
6894910188,ryslana9688,ryslanka9688,False
10266089761,YAKUSHEVSKYI,yakushevskyi.p,False
5735445662,ĞšÑ€Ğ¸ÑÑ‚Ğ¸Ğ½Ğ° Ğ“Ğ¾Ñ€Ğ¸Ñ‡,gorichkristina,False
29799449112,Elisaveta,elisaveta488,False
5927486870,"ĞœĞ¾Ğ»Ğ¾Ğ´ĞµĞ¶ÑŒ Ñ†ĞµÑ€ĞºĞ²Ğ¸ ""ĞŸÑ€ĞµĞ¾Ğ±Ñ€Ğ°Ğ¶ĞµĞ½Ğ¸Ğµ""",pb_church,False
8201905645,M A R G A R I T A,m__argarita,True
7555815974,Ğ¦ĞµÑ€ĞºĞ¾Ğ²ÑŒ Ğ”Ğ¾Ğ±Ñ€Ğ°Ñ Ğ’ĞµÑÑ‚ÑŒ,churchdobrayavest,False
5731704091,Kristina Shevchenko,kristina_shevchenko98,False
1338171996,House Of Bread Church,houseofbreadchurch,False
8639559619,Ğ’ĞµÑĞµĞ»Ñ‹Ğ¹ Ğ¡Ñ‹Ğ½ ĞŸĞ°ÑÑ‚Ğ¾Ñ€Ğ°,veseliy_syn_pastora,False
8799765612,Ğ®Ğ¼Ğ¾Ñ€ Ğ¡Ğ¾Ğ»Ğ¾Ğ¼Ğ¾Ğ½Ğ°,solomonshumor,False
9648781361,ĞĞ¢Ğ ĞĞ”ĞĞ«Ğ™ ĞŸĞ ĞĞ¢Ğ•Ğ¡Ğ¢ĞĞĞ¢,otradnyy_protestant,False
569739747,ĞĞ»ĞµĞ³ Ğ‘Ğ¾ĞºĞ¾Ğ²,olegbokov.life,False
1328313802,yesHEis â€¢ Ğ–Ğ¸Ğ²Ğ¸ ĞœĞ¸ÑÑĞ¸ĞµĞ¹ ğŸ’«,yesheiscis,False
1796618941,Aleksandr Shevchenko Ministry,aleksandrshevchenkoorg,False
4847375641,Ğ­ĞšĞ—Ğ•Ğ“Ğ•Ğ¢Ğª.Ğ Ğ£,ekzeget,False
10855814,ĞšĞ°Ñ€Ğ°Ğ³ÑĞ½ ĞšĞ°Ñ€ĞµĞ½ ĞĞ»ĞµĞºÑĞ°Ğ½Ğ´Ñ€Ğ¾Ğ²Ğ¸Ñ‡,worshipovec,False
4481870526,Ğ’ĞµÑĞµĞ»Ñ‹Ğ¹ Ğ¥Ñ€Ğ¸ÑÑ‚Ğ¸Ğ°Ğ½Ğ¸Ğ½,veseliychristianin,False
7110436559,Ğ¿Ñ€Ğ¾Ñ‚Ğ¾Ğ¸ĞµÑ€ĞµĞ¹ ĞĞ½Ğ´Ñ€ĞµĞ¹ Ğ¢ĞºĞ°Ñ‡ĞµĞ²,andreytkachev_official,False
1273009120,Nick Vujicic,nickvujicic,False
7894798394,ĞĞ»ĞµĞºÑĞ°Ğ½Ğ´Ñ€Ğ° ĞĞ»ĞµĞ¹Ğ½Ğ¸Ğº,oleinik1285,False
3643441572,ğŸŒ¸ğ™€ğ™¡ğ™šğ™£ğ™– ğ™‡ğ™ªğ™ ğ™ğ™–ğ™£ğ™šğ™£ğ™ ğ™¤ ğŸŒ¸,lukianenko3001,False
5888720305,Ğ•Ğ»ĞµĞ½Ğ° Ğ¥Ğ¾Ğ¼Ğ¸Ñ‡,_takaj_odna_,False
7033951236,Ğ¡ĞµÑ€Ñ‘Ğ¶Ğ° Ğ¤Ğ¸Ğ½Ğ¸Ğº,seregafinik7,False
4731306484,ĞÑ„Ğ¾Ñ€Ğ¼Ğ»ĞµĞ½Ğ¸Ğµ Ğ²Ğ¾Ğ·Ğ´ÑƒÑˆĞ½Ñ‹Ğ¼Ğ¸ ÑˆĞ°Ñ€Ğ°Ğ¼Ğ¸,sharoman.kharkov,False
6132780210,ĞŸĞ°Ğ²Ğ»ĞµĞ½ĞºĞ¾ ĞĞ»ĞµĞºÑĞ°Ğ½Ğ´Ñ€,alexandr.pavlenko06,False
28210489628,Ğ¢ĞµÑ…Ğ½Ğ¸ĞºĞ° Ğ¸Ğ· Ğ“ĞµÑ€Ğ¼Ğ°Ğ½Ğ¸Ğ¸,finik_texnika_germany,False
3560964961,ĞĞ½ÑŒka,anuta_brana,False
8249228862,,rozowazefirka,False
13076115383,Ğ¯Ñ€Ğ¾ÑĞ»Ğ°Ğ² Ğ‘Ğ°ĞºÑƒĞ¼ĞµĞ½ĞºĞ¾,bakumenkoiaroslav,False
15373401963,Ğ”Ğ¸Ğ¼Ğ°,dimazubrov8,False
6607851008,Ğ¨ÑƒĞºĞµĞ²Ğ¸Ñ‡ Ğ¡ĞµÑ€Ğ³ĞµĞ¹,shukevichs,False
4121169145,Ğ¡Ğ¸Ğ´Ğ»ÑÑ€ÑƒĞº ĞĞ»ĞµĞºÑĞ°Ğ½Ğ´Ñ€,sanya_teol,False
3556710260,ĞĞ»Ñ Ğ“Ğ°Ğ²Ñ€Ğ¸Ğ»ĞµĞ½ĞºĞ¾,alinka_2492,False
14654805501,ĞœĞ°ÑĞ»Ğ¾Ğ² Ğ”Ğ¼Ğ¸Ñ‚Ñ€Ğ¸Ğ¹,maslov.ua,False
5350443187,Ğ¡Ğ²ĞµÑ‚Ğ»Ğ¸Ñ‡Ğ½Ñ‹Ğ¹ ĞĞ¸ĞºĞ¾Ğ»Ğ°Ğ¹,nik0511svet,False
4107180464,Ğ¢Ğ¸Ğ¼ÑƒÑ€ Ğ‘Ğ¾Ğ½Ğ´Ğ°Ñ€ĞµĞ½ĞºĞ¾,timur_bondarenko_,False
6306443679,Ğ˜Ñ€Ğ¸Ğ½Ğ° Ğ‘ĞµĞ´ĞµĞ½ĞºĞ¾,ira.bedenko,False
11823497571,Ğ›Ğ¸Ğ´Ğ¸Ñ ĞšÑƒÑ€Ğ±ĞµĞ»ÑŒ,lidiiakurbel,False
7959872330,Andrew,gn_andy_il,False
3120113948,Ğ‘Ğ¾Ğ³Ğ´Ğ°Ğ½ Ğ¡Ğ¸Ğ´Ğ¾Ñ€ĞµĞ½ĞºĞ¾,bodik.24,False
13680306211,ğŸ…³ğŸ…¸ğŸ…°ğŸ…½ğŸ…° ğŸ…·ğŸ…¾ğŸ…½ğŸ…²ğŸ…·ğŸ…°ğŸ†ğŸ…¾ğŸ†…ğŸ…°,gonch.di,False
8568066404,ĞĞ»ĞµĞºÑĞµĞ¹ ĞĞ·Ğ°Ñ€Ñ†Ğ¾Ğ²,alekseiazartsov,False
6955129700,Maks Lysenko,maksimly07,False
6724054218,~VlADISLAVA~,vlada_zhulevaa,False
7033637974,jackson-ngouÃ©lÃ© mbou,jacksonngouele,False
16096821313,"Ğ¡Ğ»Ğ¾Ğ²Ğ¾ Ğ¸Ğ· Ğ‘Ğ¸Ğ±Ğ»Ğ¸Ğ¸, Ğ¡Ñ‚Ğ°Ñ‚ÑƒÑÑ‹",statusislovo,False
9136688679,Ğ Ğ°ÑĞ¿Ğ¸ÑĞ½Ñ‹Ğµ Ğ¿Ñ€ÑĞ½Ğ¸ĞºĞ¸ Ğ¥Ğ°Ñ€ÑŒĞºĞ¾Ğ²,daniella_cake,False
15961991063,Maryna Marchenko,marina.marchenko1,False
363954564,densinelnykov,densinelnykov,False
1132404421,Eduard Savchick,esavchick,False
7008458735,Ğ•Ğ»ĞµĞ½Ğ° Ğ’Ğ¾Ğ²Ñ‡ĞµĞº,elenavovchek,False
26659991203,Ğ¡ĞªĞ•Ğ”ĞĞ‘ĞĞ«Ğ• Ğ‘Ğ£ĞšĞ•Ğ¢Ğ« Ğ¥Ğ°Ñ€ÑŒĞºĞ¾Ğ²,bunches.kh,False
6738090832,Ğ¯Ğ½Ğ° Ğ¤Ñ–Ğ½Ñ–Ğº,finikyana,False
2319037852,nastya_gavrilova,n_a_s_t_y_a_gav,False
4166652124,Ğ¢Ğ¾Ñ€Ñ‚Ğ¸ĞºĞ¸ ğŸ‚ Ğ—ĞµÑ„Ğ¸Ñ€ ğŸĞŸÑ€ÑĞ½Ğ¸ĞºĞ¸,tort_kharkov_natali_zubareva,False
6070805373,Ğ’Ğ°Ğ»ĞµĞ½Ñ‚Ğ¸Ğ½Ğ° Ğ¡Ğ²ĞµÑ‚Ğ»Ğ¸Ñ‡Ğ½Ğ°Ñ,v_svetlichnaia,False
7784360754,Olea,olea60,False
7009816170,ĞĞ»ĞµĞ³ ĞŸÑƒÑÑ‚Ğ¾Ğ²Ğ¾Ğ¹,oleg.pustovoi,False
965270903,Ğ”Ğ¼Ğ¸Ñ‚Ñ€Ğ¸Ğ¹ ĞĞ»ĞµĞ¹Ğ½Ğ¸Ğº,oldmian,False
11662887552,ğ™½ğšŠğšğšŠğš•ğš¢ ğš‚ğš‘ğšğš‹ğš’ğš—ğšŠ,nata.shubina_photo,False
4206980361,Aleksej,lysenkoaleksej,False
419782777,Alexandr Krishtal,alex_amadeo,False
2303761834,ĞœĞ°ĞºÑ Ğ©ĞµÑ€Ğ±Ğ¸Ğ½Ğ¸Ğ½,maxsherbinin,False
4944359898,ĞšĞ¾Ğ²Ğ°Ğ»ÑŒÑ‡ÑƒĞº ĞĞ¸Ğ½ĞµĞ»ÑŒ,ninelkovalchuk,False
2014771199,Anya Karpentseva,anya_karpentseva,False
2678938316,Raya,it.s.rach,False
3128246131,ĞœĞ¸Ñ€Ğ¾ÑĞ»Ğ°Ğ²Ğ° Ğ‘ÑƒĞ±Ğ»Ğ¸Ğº,evelina_mause,False
5926396243,ĞœĞ¸Ñ€Ğ¾ÑĞ»Ğ°Ğ²Ğ°,miroslava_fashion_,False
2541893472,ĞĞ»Ñ–Ğ½Ğ° Ğ¨ÑƒĞ¼ | Ğ“Ñ€Ğ°Ñ„Ñ–Ñ‡Ğ½Ğ¸Ğ¹ Ğ´Ğ¸Ğ·Ğ°Ğ¹Ğ½ĞµÑ€,shum_alina,False
2682021881,ĞĞ°Ñ‚Ğ°Ğ»Ğ¸Ñ Ğ¨Ğ²ĞµÑ†âœ¨ğŸ’,_nataliya.shvets,False
1990405199,OpenDima,opendima050,False
3095439219,ĞĞ½Ñ Ğ¥Ğ¾Ğ¼ĞµĞ½ĞºĞ¾,annykhomenko,False
1497972380,"Ğ¦ĞµÑ€ĞºĞ¾Ğ²ÑŒ ""Ğ˜Ğ¡ĞšĞ£ĞŸĞ›Ğ•ĞĞ˜Ğ•""",xci_kh,False
12653578607,christian girl,_in_love_with_god_,False
21371855488,Ğ–Ğ¸Ğ·Ğ½ÑŒ ĞœĞ¾Ñ Ğ£ Ğ¢Ğ²Ğ¾Ğ¸Ñ… ĞĞ¾Ğ³ Ğ˜Ğ¸ÑÑƒÑ,christian_worlddd,False
5844019946,Ğ¥Ğ¾Ğ¼ĞµĞ½ĞºĞ¾ ĞĞµĞ»Ñ,nellikho,False
12961121940,Elen_Ageenkova,elen_ageenkova,False
5754527715,,andreymatseyko,False
2927347925,ĞœĞ¾Ğ»Ğ¾Ğ´ĞµĞ¶Ğ½Ğ¾Ğµ Ğ”Ğ²Ğ¸Ğ¶ĞµĞ½Ğ¸Ğµ JCâ€ Motion,jc_motion,False
6060958532,Andrey Oleynik,chchchpastor,False
1695471896,ï¼¥ï½Œï½‰ï½šï½ï½–ï½…ï½”ï½,elizaveta_babiychuk,False
3271862429,Elena  Kalina,lnkalina,False
1357295990,Ira Kraft,i.kraft.life,False
507834061,,mlt.worship,False
1347509316,Yuliia Lysenko,julejla,False
9228025851,ĞĞ»Ğ¸Ğ½Ğ° ĞĞ¸ĞºĞ¸Ñ„Ğ¾Ñ€Ğ¾Ğ²Ğ°,alinanikiforova765,False
3433950683,â¤Ğ”Ğ°Ñ€ÑŒÑâ¤,c_h_e_r_n_i_c_h_k_a,False
5936384055,ĞœĞ¸Ğ»Ğ°Ğ½Ğ°,milanaworship,False
4051369527,ĞœĞ°Ñ€Ğ³Ğ°Ñ€Ğ¸Ñ‚Ğ° Ğ”Ğ¾Ğ±Ñ€ÑƒÑĞºĞ¸Ğ½Ğ°,margarita.dobruskina,False
3418029654,Ğ¡ĞµÑ€Ğ³ĞµĞ¹ Ğ ĞµÑˆĞµÑ‚Ğ¾Ğ²,sergeism1th,False
888833711,yakush.family,anechka_yakushevskaya,False
5594237843,,nesysvetnaya_mary,False
18278262990,Ğ›ÑĞ´Ğ¼Ğ¸Ğ»Ğ°,lubmila74,False
8683773536,Ô¿Õ¡Õ¿ÔµÖ€Õ«Õ¶Õ¡ ğŸ¯,angel_kett86,False
6728510605,ğŸ‘‘ĞğŸ’ĞğŸ’Ğ¡ğŸ’Ğ¢ğŸ’Ğ¯ğŸ‘‘,n_a_s_t_i_a2k20,False
4255416342,Robert Cherniga,robert_cherniga,False
5479949575,Sunrise,youthsunrise,False
1455326421,â€¢abnormal introvertâ€¢,_oneeyed_joe_,False
12750187189,Ğ›Ğ¸Ğ»Ğ¸Ñ,li_li_jia_207,False
203357038,ĞĞ»ĞµĞºÑĞ°Ğ½Ğ´Ñ€ Ğ§ÑƒĞ²Ğ¸Ñ€Ğ¾Ğ²,alexchuvirov,False
2130500513,Ğ˜Ğ²Ğ°Ğ½,yannix27,False
16087608196,darianna,d_e_r_z_k_a_y_a___g_i_r_l_l,False
4159068025,Anna BogoslavskayağŸŒŸ,annabogoslavskaya,False
4402414211,ğŸP E R L O V K AğŸœ,8echno_m0l0d,False
1636763407,Daughter of the King. â€ ğŸ’›,tomochka_golub,False
7878353299,Ğ ÑƒÑ… ĞœĞ¾Ğ»Ğ¾Ğ´Ñ– Ğ¡ÑƒĞ¼Ñ‰Ğ¸Ğ½Ğ¸,ruhmolodi_sumy,False
4083367349,Alik)))ğŸ¶,_alik_gorich_,False
226968591,SKEEMANS CHURCH,skeemanschurch,False
8342007619,ĞĞ»Ğ¸Ñ Ğ¡Ğ°Ñ‚Ğ¸ĞµĞ²Ğ°,aliia_satieva,False
7001708572,ĞŸĞµÑ‚Ñ€ Ğ›Ğ¾Ğ±Ğ¾Ğ¹ĞºĞ¾,petrloboiko,False
6175352668,Maks Krupey,maks_krupey,False
14297465162,Ğ¡Ğ½ĞµĞ¶Ğ°Ğ½Ğ° Ğ›Ğ°Ğ·Ğ°Ñ€ĞµĞ²Ğ°,lazareva_snezhana,False
4041812849,Valeria,oarissee,False
6809529298,Ğ˜Ğ½Ğ½Ğ° Ğ Ğ°Ğ·Ğ½Ğ¸Ñ†Ğ¸Ğ½Ğ°,innaraznitsina,False
7246422984,Ğ¡Ğ²ĞµÑ‚Ğ»Ğ°Ğ½Ğ° Ğ›Ğ¾Ğ±Ğ¾Ğ¹ĞºĞ¾,svitlanalobojko,False
7571274510,My fire ğŸ”¥,my.fire,False
2131476707,Dana,mmm.danon21,False
8183305317,Ğ•Ğ»ĞµĞ½Ğ° Ğ›Ğ¸Ñ‚ĞºĞµĞ²Ğ¸Ñ‡,e.litkevich,False
1983266977,ğŸ‡ºğŸ‡¸,philippasynok,False
1517741049,ĞĞ»Ñ‘Ğ½ĞºĞ° ğŸ¦Š,alenyshka_bond,False
2990190553,Ğ¤Ğ¸Ğ»Ğ¸Ğ¿Ğ¿ Ğ“ĞµÑ€Ğ°ÑĞ¸Ğ¼,filip_gerasim,False
2158069137,DANA KALYABINA,danakalyabina,False
25515148026,Kolian2280198,kolian2280198,False
26708491,ğŸ¦¿ĞŸĞ°ÑÑ‚Ğ¾Ñ€ Ñ Ğ¾Ğ´Ğ½Ğ¾Ğ¹ Ğ½Ğ¾Ğ³Ğ¾Ğ¹ğŸ¦¿,pastor.iamzc,False
1061274215,ĞœĞ¾Ğ»Ğ¾Ğ´Ñ–Ğ¶Ğ½Ğ¸Ğ¹ Ñ€ÑƒÑ… â€ĞÑ€Ñ–Ñ”Ğ½Ñ‚Ğ¸Ñ€â€œ,orientyr_youth,False
643300444,"Denis Kotsiubynskyi, 25",d.kotsiubynskyi,False
5614507801,Milena Taran,milena.taran,False
1688688534,â¤ï¸Kovcheg YouthğŸ™ğŸ½,kovcheg_youth,False
7896449112,ĞŸĞ ĞœĞ›,prml.ua,False
5907512334,ğŸ’â›“ï¸ĞšĞ°Ñ‚ÑÑ„Ñ„Ñ„Ğ°â›“ï¸ğŸ’,samoilova13.09_,False
3642805460,ğŸ‘Œ,alexey_beliy_,False
3596035279,Ğ•Ğ²Ğ³ĞµĞ½Ğ¸Ğ¹,ship_motors1,False
5880714544,Veronika Gorobets,__nikuuusya__,False
2210098039,"Ğ¦ĞµÑ€ĞºĞ¾Ğ²ÑŒ ""Ğ¡Ğ»Ğ¾Ğ²Ğ¾ Ğ–Ğ¸Ğ·Ğ½Ğ¸""",wolkhchurch,False
242445560,Matthew Zyrianov,matthewzyr,False
223959936,Nikita Isakov,nikitaisakov,False
4085558913,ğŸ”¥,katyha_ilchuk,False
2885960992,Ineska,ineska_zin,False
5364638374,Ğ Ğ°Ğ·Ğ½Ğ¸Ñ†Ğ¸Ğ½ ĞšĞ¾Ğ½ÑÑ‚Ğ°Ğ½Ñ‚Ğ¸Ğ½,raznitsyn.k,False
238273388,â€¢ ANTON KRAFT â€¢,kraftlife,False
440502954,Ğ¡Ğ²ĞµĞ¶ĞµĞµ Ğ¡Ğ»Ğ¾Ğ²Ğ¾ ĞÑ‚ Ğ“Ğ¾ÑĞ¿Ğ¾Ğ´Ğ°!,mikropropovedi,False
683339867,Kate Kalin,kate.kalin,False
3546933235,maslo.va,_a.maslova._,False
1977649491,,victoria.dzenglyuk,False
5510325369,ĞŸÑ€Ğ¾Ğ´Ğ°Ğ¶Ğ° Ğ‘Ğ¸Ğ±Ğ»Ğ¸Ğ¹ Ğ² Ğ£ĞºÑ€Ğ°Ğ¸Ğ½Ğµ,bibles_in.ua,False
3939632160,Ğlga Kornienko,kornienochka_ooo,False
1519184711,ĞĞ»ĞµĞºÑ Ğ¢ÑƒÑ€ÑĞº - King Pictures,alex_tursk,False
3278094280,ğŸ…‘ğŸ…”ğŸ…” ğŸ…¦ğŸ…—ğŸ…˜ğŸ…£ğŸ…” ğŸ,pray4beewhite,False
3636046377,Ğ˜Ğ»ÑÑˆĞ°,ilya_isomin,False
1747414469,Ğ¦ĞµÑ€ĞºĞ¾Ğ²ÑŒ Ğ”Ğ²ĞµÑ€ÑŒ Ğ² ĞĞµĞ±Ğ¾,churchskydoor,False
1791333775,Evgeniy  Lopatko,evgeniylopatko,False
3260275010,Vadim Antonuk,vadimantonuk,False
2538184885,ğ“˜ .,ilonapolyakova,False
2358070345,,zlatapolyakova,False
7694537745,God_is_love,___god_is__love,False
776237362,"Ğ¦ĞµÑ€ĞºĞ¾Ğ²ÑŒ ""ĞĞ¾Ğ²Ğ°Ñ Ğ–Ğ¸Ğ·Ğ½ÑŒ""",newlife__church,False
4184255020,Ğ Ğ» Ñ‘ Ğ½ Ğ°  Ğ‘ĞµÑ€Ğ½Ğ¾ÑĞ¾Ğ²ÑĞºĞ°Ñ,bernosovskaya,False
10962515290,Sabina Yakushevskaja,sabinayakushevska,False
17633510972,Joseph Christian,joseph_joycover,False
7015441945,Ğ”Ğ²Ğ¸Ğ¶Ğ¸Ğ¼Ñ‹Ğµ Ğ›ÑĞ±Ğ¾Ğ²ÑŒÑ,dvizhimye_liuboviu,False
6784824043,ĞĞ»ĞµĞºÑĞ°Ğ½Ğ´Ñ€Ğ° ĞœĞ¾Ğ»Ñ‡Ğ°Ğ½Ğ¾Ğ²Ğ°,aleksandramolchanova6740,False
4464928743,Galina Mironenko,galina.mironenko,False
3038834639,"ĞŸĞĞ”ĞĞ ĞšĞ˜, Ğ¡Ğ£Ğ’Ğ•ĞĞ˜Ğ Ğ«, Ğ˜ĞĞ¢Ğ•Ğ Ğ¬Ğ•Ğ ",darangela.nsk,False
12490347879,Ğ˜Ğ¸ÑÑƒÑ - ĞŸÑƒÑ‚ÑŒ. Ğ˜ÑÑ‚Ğ¸Ğ½Ğ°. Ğ–Ğ¸Ğ·Ğ½ÑŒ,jc_lifeee,False
2926763000,Ğ¥Ğ Ğ˜Ğ¡Ğ¢Ğ˜ĞĞĞ¡ĞšĞ˜Ğ™ Ğ”Ğ•Ğ¢Ğ¡ĞšĞ˜Ğ™ ĞšĞĞĞĞ›,khristianskii_detskii_kanal,False
4192565824,Ğ¥Ñ€Ğ¸ÑÑ‚Ğ¸Ğ°Ğ½ÑĞºĞ¸Ğ¹ Ğ¼ĞµĞ³Ğ°Ñ„Ğ¾Ğ½,xmegafon,False
8281430811,ĞĞ»Ğ»Ğ° ĞšÑƒÑ‡ĞµÑ€,akucer73,False
18765807441,jtslb,jtslb,False
7305752005,,prostomoi3,False
5790906814,Ğ­Ñ‚Ğ¾ Ğ½Ğ°ÑˆĞµ Ğ²Ñ€ĞµĞ¼Ñ,this_is_our.time,False
192231759,Victori - Ğ·Ğ½Ğ°Ñ‡Ğ¸Ñ‚ ĞŸĞ¾Ğ±ĞµĞ´Ğ°ğŸ”¥,permykoova,False
7152031133,ğŸ’ƒĞĞ”Ğ•Ğ–Ğ”Ğ ĞĞ¢ ĞŸĞ ĞĞ˜Ğ—Ğ’ĞĞ”Ğ˜Ğ¢Ğ•Ğ›Ğ¯,daria_fashion_ua,False
9441047574,Ğ”Ğ¾ ĞšÑ€Ğ°Ñ Ğ—ĞµĞ¼Ğ»Ğ¸,do_kraya_zemli,False
1092305829,Light Source (Ğ”Ğ¶ĞµÑ€ĞµĞ»Ğ¾ Ğ¡Ğ²Ñ–Ñ‚Ğ»Ğ°),_lightsource_,False
2062289706,Ivan_NG,ivan.ivanenko.ng,False
1148854387,4UBAND,4ubandmusic,False
7165564459,Believer,believer_ua,False
7019390324,Ğ†ÑÑƒÑ Ğ¦Ğ°Ñ€ Ğ¦Ğ°Ñ€Ñ–Ğ²,jesus__kingofkings,False
7112748132,HOLY SPIRIT NIGHT UKRAINE,holyspiritnightua,False
1713263309,â–‘Ğœâ–‘Ğ°â–‘Ñ€â–‘Ğ¸â–‘Ğ½â–‘Ğ°â–‘ â–‘Ğ¤â–‘Ñ€â–‘Ğ¾â–‘Ğ»â–‘Ğ¾â–‘Ğ²â–‘Ğ°â–‘,fm.marinafrolova,False
6945459596,Ğ¦ĞµÑ€ĞºĞ¾Ğ²ÑŒ Â«Ğ›ÑĞ±Ğ¾Ğ²ÑŒ Ğ‘Ğ¾Ğ¶ÑŒÑÂ»,lubov_boga_kem,False
4231428083,#LMCONF19,lmconference,False
7913524871,Asmat Arusia,asmatarusia,False
4082649959,6pmPoltava,6pmpoltava,False
