3433950683,â¤Ğ”Ğ°Ñ€ÑŒÑâ¤,c_h_e_r_n_i_c_h_k_a,False
776237362,"Ğ¦ĞµÑ€ĞºĞ¾Ğ²ÑŒ ""ĞĞ¾Ğ²Ğ°Ñ Ğ–Ğ¸Ğ·Ğ½ÑŒ""",newlife__church,False
5772144378,ĞĞ›Ğ•ĞĞ ğŸ’› Ğ¤Ğ Ğ˜Ğ›ĞĞĞ¡Ğ•Ğ  ĞĞ Ğ¨ĞŸĞĞ“ĞĞ¢Ğ•,apasynkovaa,False
4051369527,ĞœĞ°Ñ€Ğ³Ğ°Ñ€Ğ¸Ñ‚Ğ° Ğ”Ğ¾Ğ±Ñ€ÑƒÑĞºĞ¸Ğ½Ğ°,margarita.dobruskina,False
260510144,Ğ®Ñ€Ğ¸Ğ¹ ĞšĞ°Ğ²ÑƒĞ½,yuriy_kavun,True
2682021881,ĞĞ°Ñ‚Ğ°Ğ»Ğ¸Ñ Ğ¨Ğ²ĞµÑ†âœ¨ğŸ’,_nataliya.shvets,False
7015441945,Ğ”Ğ²Ğ¸Ğ¶Ğ¸Ğ¼Ñ‹Ğµ Ğ›ÑĞ±Ğ¾Ğ²ÑŒÑ,dvizhimye_liuboviu,False
7894798394,ĞĞ»ĞµĞºÑĞ°Ğ½Ğ´Ñ€Ğ° ĞĞ»ĞµĞ¹Ğ½Ğ¸Ğº,oleinik1285,False
7033951236,Ğ¡ĞµÑ€Ñ‘Ğ¶Ğ° Ğ¤Ğ¸Ğ½Ğ¸Ğº,seregafinik7,False
2130500513,Ğ˜Ğ²Ğ°Ğ½,yannix27,False
4159068025,Anna BogoslavskayağŸŒŸ,annabogoslavskaya,False
3278094280,ğŸ…‘ğŸ…”ğŸ…” ğŸ…¦ğŸ…—ğŸ…˜ğŸ…£ğŸ…” ğŸ,pray4beewhite,False
226968591,SKEEMANS CHURCH,skeemanschurch,False
3128246131,ĞœĞ¸Ñ€Ğ¾ÑĞ»Ğ°Ğ²Ğ° Ğ‘ÑƒĞ±Ğ»Ğ¸Ğº,evelina_mause,False
11662887552,ğ™½ğšŠğšğšŠğš•ğš¢ ğš‚ğš‘ğšğš‹ğš’ğš—ğšŠ,nata.shubina_photo,False
1519184711,ĞĞ»ĞµĞºÑ Ğ¢ÑƒÑ€ÑĞº - King Pictures,alex_tursk,False
1243542781,Gospel People,gospelpeople,False
4041812849,Valeria,oarissee,False
12653578607,christian girl,_in_love_with_god_,False
5488970018,ĞĞ»ĞµĞºÑĞ°Ğ½Ğ´Ñ€ Ğ¡Ğ°Ğ²Ñ‡ÑƒĞº,savchukof,False
18278262990,Ğ›ÑĞ´Ğ¼Ğ¸Ğ»Ğ°,lubmila74,False
9441047574,Ğ”Ğ¾ ĞšÑ€Ğ°Ñ Ğ—ĞµĞ¼Ğ»Ğ¸,do_kraya_zemli,False
9037764888,Ğ±ÑƒĞ´ÑŒ ÑĞ²ĞµÑ‚Ğ¾Ğ¼ ğŸ’¡,tisvety,False
7001708572,ĞŸĞµÑ‚Ñ€ Ğ›Ğ¾Ğ±Ğ¾Ğ¹ĞºĞ¾,petrloboiko,False
6996406248,"ĞœĞ¾Ğ»Ğ¾Ğ´Ñ‘Ğ¶ÑŒ ""Ğ¡Ğ²ÑÑ‚Ğ¾Ğ¹ Ğ¢Ñ€Ğ¾Ğ¸Ñ†Ñ‹""ğŸ’’",most.trinity,False
1148854387,4UBAND,4ubandmusic,False
4206980361,Aleksej,lysenkoaleksej,False
6070805373,Ğ’Ğ°Ğ»ĞµĞ½Ñ‚Ğ¸Ğ½Ğ° Ğ¡Ğ²ĞµÑ‚Ğ»Ğ¸Ñ‡Ğ½Ğ°Ñ,v_svetlichnaia,False
7152031133,ğŸ’ƒĞĞ”Ğ•Ğ–Ğ”Ğ ĞĞ¢ ĞŸĞ ĞĞ˜Ğ—Ğ’ĞĞ”Ğ˜Ğ¢Ğ•Ğ›Ğ¯,daria_fashion_ua,False
8502632430,Ruslan,dolynenkor,True
1074078901,Helen,helenka_99,True
14747050580,Ğ Ğ°Ğ´Ñ–Ğ¾ Ğ›ÑÑ‚ĞµÑ€,radioluther,False
3560964961,ĞĞ½ÑŒka,anuta_brana,False
9733641961,oksana svatenko,oksanasvat0701,False
497173421,,misharin_sergey,False
1663890,Hillsong UNITED,hillsongunited,False
5364638374,Ğ Ğ°Ğ·Ğ½Ğ¸Ñ†Ğ¸Ğ½ ĞšĞ¾Ğ½ÑÑ‚Ğ°Ğ½Ñ‚Ğ¸Ğ½,raznitsyn.k,False
1977649491,,victoria.dzenglyuk,False
3556710260,ĞĞ»Ñ Ğ“Ğ°Ğ²Ñ€Ğ¸Ğ»ĞµĞ½ĞºĞ¾,alinka_2492,False
26708491,ğŸ’ªğŸ»Ğ‘Ğ¾Ğ³Ğ´Ğ°Ğ½ ĞšĞ¾Ğ½Ğ¾Ğ²Ğ°Ğ»Ğ¾Ğ²ğŸ’ªğŸ»,pastor.iamzc,False
203357038,ĞĞ»ĞµĞºÑĞ°Ğ½Ğ´Ñ€ Ğ§ÑƒĞ²Ğ¸Ñ€Ğ¾Ğ²,alexchuvirov,False
1215396970,Mariia Fortova,mariia.fortova,True
28210489628,Ğ¢ĞµÑ…Ğ½Ğ¸ĞºĞ° Ğ¸Ğ· Ğ“ĞµÑ€Ğ¼Ğ°Ğ½Ğ¸Ğ¸,finik_texnika_germany,False
287931899,WOLRUSYOUTH,wolrusyouth,False
419782777,Alexandr Krishtal,alex_amadeo,False
1636763407,Daughter of the King. â€ ğŸ’›,tomochka_golub,False
6728510605,ğŸ‘‘ĞğŸ’ĞğŸ’Ğ¡ğŸ’Ğ¢ğŸ’Ğ¯ğŸ‘‘,n_a_s_t_i_a2k20,False
5350443187,Ğ¡Ğ²ĞµÑ‚Ğ»Ğ¸Ñ‡Ğ½Ñ‹Ğ¹ ĞĞ¸ĞºĞ¾Ğ»Ğ°Ğ¹,nik0511svet,False
5720686608,ğŸŒ¿A N N AğŸŒ¿,annabell.vs,False
3029165034,Kolya Kulakevihc,kolya_kulakevihc,False
7073884005,Viktoriia Fortova,pikuliina,True
6291200753,Viktoria Lisna,lisnaviktoria,True
4255416342,Robert Cherniga,robert_cherniga,False
16096821313,"Ğ¡Ğ»Ğ¾Ğ²Ğ¾ Ğ¸Ğ· Ğ‘Ğ¸Ğ±Ğ»Ğ¸Ğ¸, Ğ¡Ñ‚Ğ°Ñ‚ÑƒÑÑ‹",statusislovo,False
3991048654,Ğ˜Ğ»Ğ¾Ğ½Ğ° Ğ¨ĞµĞ²Ñ‡ĞµĞ½ĞºĞ¾,ilonkashevchenko2,True
6955129700,Maks Lysenko,maksimly07,False
7571274510,My fire ğŸ”¥,my.fire,False
450635980,ğ‘Œğ´ğ‘ğ´ ğ‘‚ğ‘ğ‘ˆğ¶ğ»ğ¼ğ‘ğ´ â™¥ INSTA-ĞœĞĞ¡ĞšĞ˜,yanka.onuchina,True
7195065305,YOUTH ENERGY,youth.energy,False
8342007619,ĞĞ»Ğ¸Ñ Ğ¡Ğ°Ñ‚Ğ¸ĞµĞ²Ğ°,aliia_satieva,False
965270903,Ğ”Ğ¼Ğ¸Ñ‚Ñ€Ğ¸Ğ¹ ĞĞ»ĞµĞ¹Ğ½Ğ¸Ğº,oldmian,False
6728056104,DOM.YOUTH,dom.youth,False
888833711,yakush.family,anechka_yakushevskaya,False
7694537745,God_is_love,___god_is__love,False
1983266977,ğŸ‡ºğŸ‡¸,philippasynok,False
507834061,,mlt.worship,False
7008458735,Ğ•Ğ»ĞµĞ½Ğ° Ğ’Ğ¾Ğ²Ñ‡ĞµĞº,elenavovchek,False
1698476868,Yanochka Batig,yanochkabatig,True
599400991,Salim Kaylov,salimkaylov,False
2678938316,Raya,it.s.rach,False
5483993086,Limitless / ĞœĞ¾Ğ»Ğ¾Ğ´Ñ–Ğ¶Ğ½Ğ¸Ğ¹ Ğ ÑƒÑ…,limitless_ua,False
7753617870,Ğ’Ğ¸ĞºÑ‚Ğ¾Ñ€,vi.ktor5330m,True
14654805501,ĞœĞ°ÑĞ»Ğ¾Ğ² Ğ”Ğ¼Ğ¸Ñ‚Ñ€Ğ¸Ğ¹,maslov.ua,False
5790906814,Ğ­Ñ‚Ğ¾ Ğ½Ğ°ÑˆĞµ Ğ²Ñ€ĞµĞ¼Ñ,this_is_our.time,False
1357295990,Ira Kraft,i.kraft.life,False
1662822345,Ğ”Ğ¼Ğ¸Ñ‚Ñ€Ğ¸Ğ¹ ĞÑÑ‚Ğ°Ğ¿ĞµĞ½ĞºĞ¾,ostapenko.dmitriy,False
15961991063,Maryna Marchenko,marina.marchenko1,False
2470520951,Oleh Hrinkov,oleh.hrinkov,False
21195726,â €â €â €â €â €â €â €â € â €â €ĞĞ»ĞµĞºÑĞµĞ¹ Ğ Ğ¾Ğ¼Ğ°Ğ½Ğ¾Ğ² âš“ï¸,pastor.romanov,False
5926396243,ĞœĞ¸Ñ€Ğ¾ÑĞ»Ğ°Ğ²Ğ°,miroslava_fashion_,False
7913524871,Asmat Arusia,asmatarusia,False
6214782337,Ğ¾Ğ»ĞµĞ³ Ğ³Ğ°Ğ±Ñ€Ğ¸Ğ°Ğ´Ğ·Ğµ,oleggabriadze,False
8183305317,Ğ•Ğ»ĞµĞ½Ğ° Ğ›Ğ¸Ñ‚ĞºĞµĞ²Ğ¸Ñ‡,e.litkevich,False
21371855488,Ğ–Ğ¸Ğ·Ğ½ÑŒ ĞœĞ¾Ñ Ğ£ Ğ¢Ğ²Ğ¾Ğ¸Ñ… ĞĞ¾Ğ³ Ğ˜Ğ¸ÑÑƒÑ,christian_worlddd,False
8683773536,Ô¿Õ¡Õ¿ÔµÖ€Õ«Õ¶Õ¡ ğŸ¯,angel_kett86,False
3271862429,Elena  Kalina,lnkalina,False
786478813,Ğ¦ĞµÑ€ĞºĞ¾Ğ²ÑŒ Â«Ğ¡Ğ»Ğ¾Ğ²Ğ¾ Ğ¶Ğ¸Ğ·Ğ½Ğ¸Â» ĞœĞ¾ÑĞºĞ²Ğ°,wolrus,False
6986368948,Ğ’Ğ¸ĞºÑ‚Ğ¾Ñ€Ğ¸Ñ ĞĞ¸ĞºĞ¾Ğ½,viktoriia.nikon,True
5919853983,Pasha Buynovskiy,pasha_dp,True
3643441572,ğŸŒ¸ğ™€ğ™¡ğ™šğ™£ğ™– ğ™‡ğ™ªğ™ ğ™ğ™–ğ™£ğ™šğ™£ğ™ ğ™¤ ğŸŒ¸,lukianenko3001,False
554907885,Ğ‘Ğ¸Ğ±Ğ»Ğ¸Ñ ĞĞ° ĞšĞ°Ğ¶Ğ´Ñ‹Ğ¹ Ğ”ĞµĞ½ÑŒ,biblelist,False
4731306484,ĞÑ„Ğ¾Ñ€Ğ¼Ğ»ĞµĞ½Ğ¸Ğµ Ğ²Ğ¾Ğ·Ğ´ÑƒÑˆĞ½Ñ‹Ğ¼Ğ¸ ÑˆĞ°Ñ€Ğ°Ğ¼Ğ¸,sharoman.kharkov,False
4609228149,"â €â €â €â €â €â €â € â €â €â €â €ğŸ’’Ğ¦ĞµÑ€ĞºĞ¾Ğ²ÑŒ ""Ğ’ĞµÑ„Ğ¸Ğ»ÑŒ""ğŸ’’",bethel_moscow,False
2885960992,Ineska,ineska_zin,False
1517741049,ĞĞ»Ñ‘Ğ½ĞºĞ° ğŸ¦Š,alenyshka_bond,False
8688099746,ğŸ’’Ğ¦ĞµÑ€ĞºĞ²Ğ°ã€ŠĞ’Ñ–Ñ„ĞµĞ·Ğ´Ğ°ã€‹ğŸ’’,vifezda_church,False
4082649959,6pmPoltava,6pmpoltava,False
18765807441,jtslb,jtslb,False
675425622,ĞœĞĞ ĞšĞ•Ğ¢ĞĞ›ĞĞ“ ğ—”ğ—¹ğ—²ğ˜… ğ—•ğ˜‚ğ—¿ğ—¹ğ—®ğ—°ğ—µğ—²ğ—»ğ—¸ğ—¼,alex_burlachenko_ua,False
188584784,â €â €â €â €â €â €â €  âœĞĞºÑƒĞ½ĞµĞ² ĞĞ»ĞµĞºÑĞ°Ğ½Ğ´Ñ€âœ,pastor.okunev,False
2541893472,ĞĞ»Ñ–Ğ½Ğ° Ğ¨ÑƒĞ¼ | Ğ“Ñ€Ğ°Ñ„Ñ–Ñ‡Ğ½Ğ¸Ğ¹ Ğ´Ğ¸Ğ·Ğ°Ğ¹Ğ½ĞµÑ€,shum_alina,False
2696252505,Olga Dubinyuk,me_helga,False
6738090832,Ğ¯Ğ½Ğ° Ğ¤Ñ–Ğ½Ñ–Ğº,finikyana,False
13680306211,ğŸ…³ğŸ…¸ğŸ…°ğŸ…½ğŸ…° ğŸ…·ğŸ…¾ğŸ…½ğŸ…²ğŸ…·ğŸ…°ğŸ†ğŸ…¾ğŸ†…ğŸ…°,gonch.di,False
18124014043,Ğ¡Ğ»ÑƒĞ¶Ğ±Ğ° Ğ¾Ñ…Ğ¾Ñ€Ğ¾Ğ½Ğ¸ Ğ¯Ğ’Ğ†Ğ -2000,yavir_2000.kharkiv,False
7009816170,ĞĞ»ĞµĞ³ ĞŸÑƒÑÑ‚Ğ¾Ğ²Ğ¾Ğ¹,oleg.pustovoi,False
4834900262,JESUS TEAM ğŸ…¹ğŸ†ƒ,jt_ua,False
6724054218,~VlADISLAVA~,vlada_zhulevaa,False
2319037852,nastya_gavrilova,n_a_s_t_y_a_gav,False
4125809532,Ğ¥Ñ€Ğ¸ÑÑ‚Ğ¸ÑĞ½ÑÑŒĞºĞ¸Ğ¹ Ğ¼Ğ°Ğ³Ğ°Ğ·Ğ¸Ğ½,lighthouse_store_com_ua,False
7305752005,,prostomoi3,False
6862573587,Ğ¤ÑƒÑ‚Ğ±Ğ¾Ğ»ĞºĞ¸ | ĞšĞµĞ¿ĞºĞ¸ | Ğ‘Ğ°Ğ½Ğ°Ğ½ĞºĞ¸ â¤ï¸,sevenkeys_ua,False
440502954,Ğ¡Ğ²ĞµĞ¶ĞµĞµ Ğ¡Ğ»Ğ¾Ğ²Ğ¾ ĞÑ‚ Ğ“Ğ¾ÑĞ¿Ğ¾Ğ´Ğ°!,mikropropovedi,False
5479949575,Sunrise,youthsunrise,False
4166652124,Ğ¢Ğ¾Ñ€Ñ‚Ğ¸ĞºĞ¸ ğŸ‚ Ğ—ĞµÑ„Ğ¸Ñ€ ğŸĞŸÑ€ÑĞ½Ğ¸ĞºĞ¸,nataliia2660natali_zubareva,False
7246422984,Ğ¡Ğ²ĞµÑ‚Ğ»Ğ°Ğ½Ğ° Ğ›Ğ¾Ğ±Ğ¾Ğ¹ĞºĞ¾,svitlanalobojko,False
2927347925,ĞœĞ¾Ğ»Ğ¾Ğ´ĞµĞ¶Ğ½Ğ¾Ğµ Ğ”Ğ²Ğ¸Ğ¶ĞµĞ½Ğ¸Ğµ JCâ€ Motion,jc_motion,False
4674027806,,lubovlitvin.marketing,False
2158069137,DANA KALYABINA,danakalyabina,False
6809529298,Ğ˜Ğ½Ğ½Ğ° Ğ Ğ°Ğ·Ğ½Ğ¸Ñ†Ğ¸Ğ½Ğ°,innaraznitsina,False
9050607437,ğŸ…’ğŸ…—ğŸ…¡ğŸ…˜ğŸ…¢ğŸ…£ğŸ…˜ğŸ…ğŸ… ğŸ…¢ğŸ…—ğŸ…ğŸ…Ÿ,newtvorenie,False
1747414469,Ğ¦ĞµÑ€ĞºĞ¾Ğ²ÑŒ Ğ”Ğ²ĞµÑ€ÑŒ Ğ² ĞĞµĞ±Ğ¾,churchskydoor,False
2131476707,Dana,mmm.danon21,False
346700604,Ñ‚Ñ‹ Ğ¼Ğ¾Ğ´ĞµĞ»ÑŒ Ğ¸Ğ»Ğ¸ Ğ¿Ğ¾Ğ´Ğ´ĞµĞ»ĞºĞ°?,dianakdef,False
4271382006,Ğ¦ĞµÑ€ĞºĞ¾Ğ²ÑŒ Â«Ğ ĞµĞ¼Ğ°Â» ĞšÑ€Ğ°ÑĞ½Ğ¾Ğ´Ğ°Ñ€,rema.church,False
6165919358,Ğ•Ğ»ĞµĞ½Ğ°,tatarinova_elena_aleksandrovna,False
1312148798,Semper Reformanda,rureforma,False
7019390324,Ğ†ÑÑƒÑ Ğ¦Ğ°Ñ€ Ğ¦Ğ°Ñ€Ñ–Ğ²,jesus__kingofkings,False
1480152104,Stepan Boychuk,boychuk.stepan,False
6607851008,Ğ¨ÑƒĞºĞµĞ²Ğ¸Ñ‡ Ğ¡ĞµÑ€Ğ³ĞµĞ¹,shukevichs,False
17841368765,Ğ¤Ğ¾Ñ€Ñ‚Ğ¾Ğ²Ğ° Ğ¡Ğ²ĞµÑ‚Ğ»Ğ°Ğ½Ğ°,svetafor4,True
192231759,Victori - Ğ·Ğ½Ğ°Ñ‡Ğ¸Ñ‚ ĞŸĞ¾Ğ±ĞµĞ´Ğ°ğŸ”¥,naydaanova,False
1990405199,OpenDima,opendima050,False
3095439219,ĞĞ½Ñ Ğ¥Ğ¾Ğ¼ĞµĞ½ĞºĞ¾,annykhomenko,False
964826602,,youthmake,False
223959936,Nikita Isakov,nikitaisakov,False
27973988823,Ğ¡ĞµÑ€Ğ³ĞµĞ¹ Ğ¥Ğ¾Ğ¼ĞµĞ½ĞºĞ¾,sergeykomenkopastor,False
6132780210,ĞŸĞ°Ğ²Ğ»ĞµĞ½ĞºĞ¾ ĞĞ»ĞµĞºÑĞ°Ğ½Ğ´Ñ€,alexandr.pavlenko06,False
363954564,densinelnykov,densinelnykov,False
199483657,Hillsong Young & Free,youngandfree,False
2538184885,ğ“˜ .,ilonapolyakova,False
4944359898,ĞšĞ¾Ğ²Ğ°Ğ»ÑŒÑ‡ÑƒĞº ĞĞ¸Ğ½ĞµĞ»ÑŒ,ninelkovalchuk,False
5754527715,,andreymatseyko,False
1421447815,Ğ£ĞºÑ€Ğ°Ñ—Ğ½ÑÑŒĞºĞ° Ğ¦ĞµÑ€ĞºĞ²Ğ° Ğ¥Ğ’Ğ„,uapentecostal,False
7878353299,Ğ ÑƒÑ… ĞœĞ¾Ğ»Ğ¾Ğ´Ñ– Ğ¡ÑƒĞ¼Ñ‰Ğ¸Ğ½Ğ¸,ruhmolodi_sumy,False
6784824043,ĞĞ»ĞµĞºÑĞ°Ğ½Ğ´Ñ€Ğ° ĞœĞ¾Ğ»Ñ‡Ğ°Ğ½Ğ¾Ğ²Ğ°,aleksandramolchanova6740,False
5614507801,Milena Taran,milena.taran,False
3546933235,maslo.va,_a.maslova._,False
3260275010,Vadim Antonuk,vadimantonuk,False
4184255020,Ğ Ğ» Ñ‘ Ğ½ Ğ°  Ğ‘ĞµÑ€Ğ½Ğ¾ÑĞ¾Ğ²ÑĞºĞ°Ñ,bernosovskaya,False
678455900,ĞŸÑ€ĞµĞ´Ğ¿Ñ€Ğ¸Ğ½Ğ¸Ğ¼Ğ°Ñ‚ĞµĞ»ÑŒ/Ğ¤Ğš Ğ‘ĞµĞ»Ñ‹Ğ¹ Ğ¡Ğ»Ğ¾Ğ½,sergejzyryanov80,False
8646534478,Vov1k_4aban),vov1k_4aban,False
6306443679,Ğ˜Ñ€Ğ¸Ğ½Ğ° Ğ‘ĞµĞ´ĞµĞ½ĞºĞ¾,ira.bedenko,False
1951158766,IÑ€ĞºĞ°-Ğ·Ñ–Ñ€ĞºĞ°ğŸŒŸ,ivanytskaaa,False
4231428083,#LMCONF19,lmconference,False
2014771199,Anya Karpentseva,anya_karpentseva,False
6945459596,Ğ¦ĞµÑ€ĞºĞ¾Ğ²ÑŒ Â«Ğ›ÑĞ±Ğ¾Ğ²ÑŒ Ğ‘Ğ¾Ğ¶ÑŒÑÂ»,lubov_boga_kem,False
8649466462,ĞÑ€Ñ‚Ñ‘Ğ¼,g_a_r_t_y_o_m,True
4083367349,Alik)))ğŸ¶,_alik_gorich_,False
11346856740,ĞĞ°Ğ·Ğ°Ñ€,na.zar6175,False
5856353901,Nik  Tischenko,tischenko.nik,True
2272819885,â¤( Í¡Â°â¥ Í¡Â°)VERUNHIK( Í¡Â°â¥ Í¡Â°)ğŸ’‹,verunhuk,True
1006326412,ğ•ğ€ğ‹ğ„ğğ“ğˆğğ„ ğŒğ”ğ’ğ‡ğ˜ğğ’ğŠğ˜ğˆ,valentine1li,False
2062289706,Ivan_NG,ivan.ivanenko.ng,False
6022327862,Ksuha,kxuhamedved,True
7322767227,ĞĞ”Ğ•Ğ–Ğ”Ğ ĞšĞĞœĞĞĞ”Ğ« Ğ˜Ğ˜Ğ¡Ğ£Ğ¡Ğ,jtwear,False
2990190553,Ğ¤Ğ¸Ğ»Ğ¸Ğ¿Ğ¿ Ğ“ĞµÑ€Ğ°ÑĞ¸Ğ¼,filip_gerasim,False
8067075169,ĞĞ½Ğ´Ñ€ĞµĞ¹ Ğ§Ğ°Ğ²Ğ°,andreichava,False
5054605999,Ğ¯Ğ½Ğ° Ğ”Ğ°Ñ†ÑŒĞºĞ°,yanadatska95,False
2334218517,Hillsong Channel,hillsongchannel,False
4085558913,ğŸ”¥,katyha_ilchuk,False
5936384055,ĞœĞ¸Ğ»Ğ°Ğ½Ğ°,milanaworship,False
27430775847,Ğ®Ğ»Ğ¸Ñ‡ĞºĞ° ĞšÑ€Ğ¸Ğ²ĞµĞ½ĞºĞ¾(ĞŸĞµÑ‚Ñ€ÑƒĞº),krivenkoiulichka,True
373277281,ĞĞ»ĞµĞºÑĞ°Ğ½Ğ´Ñ€ ĞšĞ°Ñ€Ğ¿Ğ¾Ğ²,papadoster,False
1713263309,â–‘Ğœâ–‘Ğ°â–‘Ñ€â–‘Ğ¸â–‘Ğ½â–‘Ğ°â–‘ â–‘Ğ¤â–‘Ñ€â–‘Ğ¾â–‘Ğ»â–‘Ğ¾â–‘Ğ²â–‘Ğ°â–‘,fm.marinafrolova,False
2283276723,Ğ¡ĞµÑ€Ğ³ĞµĞ¹ Ğ¥Ğ¾Ğ¼ĞµĞ½ĞºĞ¾,salmon_simon,True
4402414211,ğŸP E R L O V K AğŸœ,8echno_m0l0d,False
1061274215,ĞœĞ¾Ğ»Ğ¾Ğ´Ñ–Ğ¶Ğ½Ğ¸Ğ¹ Ñ€ÑƒÑ… â€ĞÑ€Ñ–Ñ”Ğ½Ñ‚Ğ¸Ñ€â€œ,orientyr_youth,False
1762745995,Native Kingdom,nativekingdom,False
8591644297,Ferenicki,ferenicki_stranger,True
3636046377,Ğ˜Ğ»ÑÑˆĞ°,ilya_isomin,False
6882663973,Shamo Babaiev,shamobabaiev,True
7584369575,Ğ“Ñ–Ğ³Ğ°Ğ½Ñ‚ÑÑŒĞºÑ– Ñ–Ğ³Ñ€Ğ¸ vuNFun,vunfun.games,False
6703133749,Ğ¡ĞµÑ€Ğ¾ÑƒÑ…  Ğ Ğ°Ğ¸ÑĞ°,seroukhraisa,False
1132404421,Eduard Savchick,esavchick,False
7959872330,PRESS F Ğ·Ğ° Ğ£ĞŸĞĞšĞĞ™,gn_andy_il,False
3642805460,ğŸ‘Œ,alexey_beliy_,False
12065795612,ĞšĞ°Ñ‚ÑÑˆĞ° ĞĞ»Ñ”ĞºÑĞ°Ğ½Ğ´Ñ€Ğ¾Ğ²Ğ½Ğ°_ 20.03.,20.03_katia,True
1695471896,ï¼¥ï½Œï½‰ï½šï½ï½–ï½…ï½”ï½,elizaveta_babiychuk,False
5888720305,Ğ•Ğ»ĞµĞ½Ğ° Ğ¥Ğ¾Ğ¼Ğ¸Ñ‡,_takaj_odna_,False
1455326421,â€¢abnormal introvertâ€¢,_oneeyed_joe_,False
1525400061,Ğ’Ğ½ÑƒÑ‚Ñ€Ñ–ÑˆĞ½Ñ Ğ¢Ğ²Ğ¾Ñ ĞšÑ€Ğ°ÑĞ°,tanya.boychuk,False
307509295,Elevation Worship,elevationworship,False
6175352668,Maks Krupey,maks_krupey,False
3229545041,Ğ¢ĞµĞ¾Ñ,radioteos,False
9136688679,Ğ Ğ°ÑĞ¿Ğ¸ÑĞ½Ñ‹Ğµ Ğ¿Ñ€ÑĞ½Ğ¸ĞºĞ¸ Ğ¥Ğ°Ñ€ÑŒĞºĞ¾Ğ²,daniella_cake,False
1347509316,Yuliia Lysenko,julejla,False
1791333775,Evgeniy  Lopatko,evgeniylopatko,False
5880714544,Veronika Gorobets,__nikuuusya__,False
683339867,Kate Kalin,kate.kalin,False
11823497571,Ğ›Ğ¸Ğ´Ğ¸Ñ ĞšÑƒÑ€Ğ±ĞµĞ»ÑŒ,lidiiakurbel,False
8568066404,ĞĞ»ĞµĞºÑĞµĞ¹ ĞĞ·Ğ°Ñ€Ñ†Ğ¾Ğ²,alekseiazartsov,False
7784360754,Olea,olea60,False
17633510972,Joseph Christian,joseph_joycover,False
2926763000,Ğ¥Ğ Ğ˜Ğ¡Ğ¢Ğ˜ĞĞĞ¡ĞšĞ˜Ğ™ Ğ”Ğ•Ğ¢Ğ¡ĞšĞ˜Ğ™ ĞšĞĞĞĞ›,khristianskii_detskii_kanal,False
1092305829,Light Source (Ğ”Ğ¶ĞµÑ€ĞµĞ»Ğ¾ Ğ¡Ğ²Ñ–Ñ‚Ğ»Ğ°),_lightsource_,False
2271457323,Ğ¡Ğ¾Ñ„Ğ¸Ñ‚,sofik1856,False
15373401963,Ğ”Ğ¸Ğ¼Ğ°,dimazubrov8,False
2358070345,,zlatapolyakova,False
8274064237,Vlad Kalin,vlad.kalin.5,False
8249228862,,rozowazefirka,False
8281430811,ĞĞ»Ğ»Ğ° ĞšÑƒÑ‡ĞµÑ€,akucer73,False
12961121940,Elen_Ageenkova,elen_ageenkova,False
13208283942,ĞšÑĞµĞ½Ğ¸Ñ Ğ¡Ğ¸Ğ´ĞµĞ»ÑŒĞ½Ğ¸Ğº,kseniia_sid.11,True
13076115383,Ğ¯Ñ€Ğ¾ÑĞ»Ğ°Ğ² Ğ‘Ğ°ĞºÑƒĞ¼ĞµĞ½ĞºĞ¾,bakumenkoiaroslav,False
12490347879,Ğ˜Ğ¸ÑÑƒÑ - ĞŸÑƒÑ‚ÑŒ. Ğ˜ÑÑ‚Ğ¸Ğ½Ğ°. Ğ–Ğ¸Ğ·Ğ½ÑŒ,jc_lifeee,False
6070707172,Svetlichnaya Vita,svetlichnaya_vita,True
16087608196,darianna,d_e_r_z_k_a_y_a___g_i_r_l_l,False
3928475744,Ğ¢Ğ¸Ğ¼Ğ¾Ñ„ĞµĞ¹ Ğ©ĞµÑ€Ğ±Ğ¸Ğ½Ğ¸Ğ½,timofeishcherbinin,False
4141433024,JL,netipichen,False
8032712932,Ğ¢Ğ¸Ğ¼Ğ¾Ñ„ĞµĞ¹ ĞÑ€Ğ°Ñ‡,timofeiorach,False
14297465162,Ğ¡Ğ½ĞµĞ¶Ğ°Ğ½Ğ° Ğ›Ğ°Ğ·Ğ°Ñ€ĞµĞ²Ğ°,lazareva_snezhana,False
2210098039,"Ğ¦ĞµÑ€ĞºĞ¾Ğ²ÑŒ ""Ğ¡Ğ»Ğ¾Ğ²Ğ¾ Ğ–Ğ¸Ğ·Ğ½Ğ¸""",wolkhchurch,False
3038834639,"ĞŸĞĞ”ĞĞ ĞšĞ˜, Ğ¡Ğ£Ğ’Ğ•ĞĞ˜Ğ Ğ«, Ğ˜ĞĞ¢Ğ•Ğ Ğ¬Ğ•Ğ ",darangela.nsk,False
1688688534,â¤ï¸Kovcheg YouthğŸ™ğŸ½,kovcheg_youth,False
6964642776,Bible.Verses.A.Day,bible.verses.a.day,False
4192565824,Ğ¥Ñ€Ğ¸ÑÑ‚Ğ¸Ğ°Ğ½ÑĞºĞ¸Ğ¹ Ğ¼ĞµĞ³Ğ°Ñ„Ğ¾Ğ½,xmegafon,False
12750187189,Ğ›Ğ¸Ğ»Ğ¸Ñ,li_li_jia_207,False
9228025851,ĞĞ»Ğ¸Ğ½Ğ° ĞĞ¸ĞºĞ¸Ñ„Ğ¾Ñ€Ğ¾Ğ²Ğ°,alinanikiforova765,False
7896449112,ĞŸĞ ĞœĞ›,prml.ua,False
238273388,â€¢ ANTON KRAFT â€¢,kraftlife,False
5596811002,ĞšĞ°Ñ€Ğ¸Ğ½Ğ° Ğ“Ğ°Ğ½ÑˆĞ¸Ğ½Ğ°,ganshinakarina_18,False
5907512334,ğŸ’â›“ï¸ĞšĞ°Ñ‚ÑÑ„Ñ„Ñ„Ğ°â›“ï¸ğŸ’,samoilova13.09_,False
5510325369,ĞŸÑ€Ğ¾Ğ´Ğ°Ğ¶Ğ° Ğ‘Ğ¸Ğ±Ğ»Ğ¸Ğ¹ Ğ² Ğ£ĞºÑ€Ğ°Ğ¸Ğ½Ğµ,bibles_in.ua,False
4704861421,Mary Verner,marichka_1876,False
10962515290,Sabina Yakushevskaja,sabinayakushevska,False
2092339872,Ğ ÑƒÑĞ°Ğ½ Ğ•Ğ²Ğ³ĞµĞ½Ğ¸Ğ¹,rusan.evgeniy,False
3939632160,Ğlga Kornienko,kornienochka_ooo,False
2879664904,Ğ©Ğ°ÑÑ‚Ñ ĞŸĞ¾Ñ€ÑƒÑ‡,s.poruch,False
4369187875,Ğ’Ğ°Ñ€Ñ ĞĞ»ĞµĞºÑ,_varvara_alex_,True
1497972380,"Ğ¦ĞµÑ€ĞºĞ¾Ğ²ÑŒ ""Ğ˜Ğ¡ĞšĞ£ĞŸĞ›Ğ•ĞĞ˜Ğ•""",xci_kh,False
5594237843,,nesysvetnaya_mary,False
1465443761,"Ğ¦Ğ•Ğ ĞšĞĞ’Ğ¬ ""Ğ¡Ğ’Ğ•Ğ¢ Ğ–Ğ˜Ğ—ĞĞ˜"" ĞŸĞĞ›Ğ¢ĞĞ’Ğ",lolchurch,False
3418029654,Ğ¡ĞµÑ€Ğ³ĞµĞ¹ Ğ ĞµÑˆĞµÑ‚Ğ¾Ğ²,sergeism1th,False
643300444,"Denis Kotsiubynskyi, 25",d.kotsiubynskyi,False
3187747567,Yana Pystovaya,pustovaiaiana,True
5844019946,Ğ¥Ğ¾Ğ¼ĞµĞ½ĞºĞ¾ ĞĞµĞ»Ñ,nellikho,False
2303761834,ĞœĞ°ĞºÑ Ğ©ĞµÑ€Ğ±Ğ¸Ğ½Ğ¸Ğ½,maxsherbinin,False
2189716470,Ğ­Ğ»Ñ.,ella.tr,True
2284055851,,youthwolirk,False
6208684926,R E C E P T I O N,recepshion,False
7905071046,God is love,god_is_good000,False
6741295583,ĞŸĞ°Ğ²ĞµĞ»,amidflame2017,False
11071396240,ĞœĞ°Ñ€Ğ¸Ñ Ğ“Ğ°Ğ±Ñ€Ğ¸Ğ°Ğ´Ğ·Ğµ,mariiagabriadze,False
3875962317,,tanya.pilipchuk,False
4121169145,Ğ¡Ğ¸Ğ´Ğ»ÑÑ€ÑƒĞº ĞĞ»ĞµĞºÑĞ°Ğ½Ğ´Ñ€,sanya_teol,False
13592769,Evgeniy Dubrovskiy,pastordubrovskiy,False
1601461395,á´€É´á´€sá´›á´€sÉªá´€Â sá´ á´‡á´›ÊŸÉªá´„ÊœÉ´á´€Êá´€,anastasia_svetlichnaya29,False
2281538498,Ğ¨ĞºĞ¾Ğ»Ğ° Ñ‚Ğ°Ğ½Ñ†Ğ° ĞĞ½Ğ´Ñ€ĞµÑ Ğ‘ĞµÑÑĞ¾Ğ½Ğ¾Ğ²Ğ°,almabesso,False
5577696029,ĞÑ€Ñ‚Ğ¸Ğº Ğ‘Ğ¾Ğ½Ğ´Ğ°Ñ€ĞµĞ½ĞºĞ¾,artik_bondarenko579,False
5086184376,Ğ’Ğ¸ĞºÑ‚Ğ¾Ñ€Ğ¸Ñ,_vikoz,False
2312211226,ĞœĞ¾Ğ»Ğ¾Ğ´Ñ‘Ğ¶Ğ½Ğ¾Ğµ ÑĞ»ÑƒĞ¶ĞµĞ½Ğ¸Ğµ,light_up_youth,False
5604783744,Ğ¤Ğ¾Ñ‚Ğ¾Ğ³Ñ€Ğ°Ñ„ Ğ¥Ğ°Ñ€ÑŒĞºĞ¾Ğ²,marinakireeva_photo,False
1909055346,no game - no life,openvla13,False
8895910358,TaÑ‚ÑŒÑĞ½Ğ° Ğ¡Ğ¸Ğ´Ğ»ÑÑ€ÑƒĞº,tatyanasidlyaruk,False
4048781476,Ostrov Youth Chuguev,ostrov_is,False
6895741874,ĞœĞĞ¯ Ğ‘Ğ˜Ğ‘Ğ›Ğ˜Ğ¯,moya_biblia,False
810843488,ĞœĞ¾Ğ»Ğ¾Ğ´Ñ–Ğ¶Ğ½Ğ¸Ğ¹ Ñ€ÑƒÑ… Â«Ğ¡Ğ²Ñ–Ñ‚Ğ»Ğ¾Â»,ibcsvitlo,False
4947508425,WakeUp,wake_up.19,False
329653506,feofanyshka,feofanyshka,False
6806612507,Ğ“ĞµĞ½Ğ½Ğ°Ğ´Ğ¸Ğ¹ ĞĞ»ÑĞ½Ğ¸Ğ½,olianingennadii,False
25386179181,Ğ¼Ğ°Ñ€Ñ–Ğ¹ĞºĞ°_15@,kivi_girl68,False
5564015831,2Ğ¯ - ĞĞ´Ğ½Ğµ Ğ¶Ğ¸Ñ‚Ñ‚Ñ ğŸ‘©â€â¤ï¸â€ğŸ‘¨,onelife.hopetv,False
5453032131,ĞĞ¸Ğº Ğ’ÑƒĞ¹Ñ‡Ğ¸Ñ‡,nickvujicic_cis,False
26659991203,Ğ¡ĞªĞ•Ğ”ĞĞ‘ĞĞ«Ğ• Ğ‘Ğ£ĞšĞ•Ğ¢Ğ« Ğ¥Ğ°Ñ€ÑŒĞºĞ¾Ğ²,bunches.kh,False
7165564459,Believer,believer_ua,False
3534231620,Minute Joy,minutejoy,False
691615609,ğ€ğ§ğ³ğ¡ğğ¥ğš ğŸ’ƒğŸ»,angela_.k,False
5774848192,Anton Kristianin,antonkristis,False
6293072012,Ğ”Ğ¼Ğ¸Ñ‚Ñ€Ğ¸Ğ¹,dmitriyhristov,False
14696180549,Alicia Smith,alicia_bitcoins_expert_trader,False
8463560668,ĞĞ°Ñ‚Ğ°ÑˆĞ° ĞšĞ°Ñ†ĞºĞ°Ñ,katskaya_nataliya,False
7079726621,,30._.07._.2002,False
8505744605,ĞœĞ¸Ğ›Ñ‹Ğ™ ĞºĞ Ğ¾Ğ›Ğ¸ĞšğŸ”ª,_goncharenko.s_,False
238047231,Bethel Music,bethelmusic,False
6122431944,Ğ’Ğ¸Ñ‚Ğ°Ğ»Ğ¸Ğ¹,zamlelyyv,False
3428507882,ğŸŒ¿Gel Nail TechnicianğŸŒ¿,nailesteme,False
5592252174,"Ğ¥Ñ€Ğ¸ÑÑ‚Ğ¸Ğ°Ğ½ÑĞºĞ°Ñ Ğ¦ĞµÑ€ĞºĞ¾Ğ²ÑŒ ""ĞšĞ¾Ğ²Ñ‡ĞµĞ³""",kovcheg_church,False
8711196878,Ğ•Ğ³Ğ¾Ñ€.  Ğ³.Ğ¥Ğ°Ñ€ÑŒĞºĞ¾Ğ²,world_of_clarnetto,False
344540099,Lesia Zhmur,zhmuriwka,False
1746087672,KidsCampForum / KidsCampFest,kidscampfest,False
344242017,J A K E  H A Y N Î S,jake_fruitoftheloom,False
10602432,ï¼¬ï¼©ï¼«ï¼¡ã€€ï¼²ï¼¯ï¼­ï¼¡ï¼®,likaroman,False
8010109548,ĞšĞĞ£Ğ§Ğ˜ĞĞ“ğŸ†Ğ¢Ğ’ĞĞ ĞŸĞ Ğ•Ğ”ĞĞĞ—ĞĞĞ§Ğ•ĞĞ˜Ğ•,vadik.kevorkov,False
6571959871,lizachybychna,_liza_ryslanovna,False
6941189533,Andrii Chemerys,andriichemerys,False
345283396,Karyna Tsyhankova,kilka_22,True
11502668,Alexey Menzatov,menzatov,False
7248250589,LIZABET,ekalizeka,False
2046448689,Sergey Litkevich,sergey1505079,False
3627753513,Alenka,h_alenka_v,False
5497562640,ĞœĞĞ›ĞĞ”Ğ•Ğ–ĞĞ«Ğ™ Ğ¦Ğ•ĞĞ¢Ğ  ğŸ’¥SYNERGYğŸ’¥,synergytmn,False
8501307318,_s.goncharenko_,_s.goncharenko_,False
5849743383,Ğ®Ğ»Ğ¸Ñ Ğ“Ñ€Ğ¸ÑˆĞºĞ¾,juliya_6324,False
4963745515,Ğ’ĞºÑƒÑĞ½Ñ‹Ğµ Ğ¿Ğ¾Ğ´Ğ°Ñ€Ğ¾Ñ‡ĞºĞ¸,yum_yum_dream,False
7087149879,Ğ’Ğ¸ĞºÑ‚Ğ¾Ñ€Ğ¸Ñ ĞÑ€Ğ°Ñ‡,viktoriiaorach,True
3602926779,Ğ’Ğ»Ğ°Ğ´Ğ¸ÑĞ»Ğ°Ğ²Ğ° Ğ“ĞµÑ€Ğ°ÑĞ¸Ğ¼,vladislavagerasim,False
351208699,Pavel Shvornikov,jellybeanpa,False
7674604007,â €â €â €â €â €â €â €â €â €â €â €Ğ¡Ğ˜Ğ‘Ğ‘Ğ£Ğœ2019,sib_bum,False
17454820928,,myata_trevel,False
4103483468,ĞĞ»Ğ»Ğ° Ğ¢Ğ¸Ñ‰ĞµĞ½ĞºĞ¾,lovebirds_bc,False
5025751719,"Ğ‘Ğ¤ ""Ğ’Ñ–Ğ´ĞºÑ€Ğ¸Ñ‚Ğ° Ğ‘Ñ–Ğ±Ğ»Ñ–Ñ""",openbibleua,False
9264522106,Ğ—Ğ° Ğ¥Ñ€Ğ¸ÑÑ‚Ğ¾Ğ¼,3a_xpuctom,False
3880621051,ğ•¶ğ–†ğ–’ğ–ğ–‘ğ–† ğ•²ğ–”ğ–—ğ–”ğ–‡ğ–Šğ–™ğ–˜,kemeli.gro,False
8183436674,Children Church,lobanova250,False
10513141957,ğŸ˜Ğ¡ĞµÑ€ÑŒĞµĞ·Ğ½Ñ‹Ğ¹ Ğ¥Ñ€Ğ¸ÑÑ‚Ğ¸Ğ°Ğ½Ğ¸Ğ½,serezniy_hristianin,False
7232317625,Ğ”Ñ€ÑƒĞº Ğ½Ğ° Ğ¾Ğ´ÑĞ·Ñ–,christian_clothes_ukraine,False
4141037945,ĞœĞ“Ğ”Ğ˜,mgdiperm,False
6870645520,Ermolova,nati2020_,False
636031397,,petrashevskii,False
5467087229,YOUTH HOUSE,youth_house_chernivtsi,False
21372561345,Ğ”ĞµĞ½Ğ¸Ñ Ğ’Ğ¾Ñ‰ÑƒĞº,dinisiuzh,True
3620602768,Sany Litvinenko,sanylitvinenko,False
6040417329,Ğ ĞĞ”Ğ†Ğ Ğ“ĞĞ›ĞĞ¡ ĞĞĞ”Ğ†Ğ‡,radio_hope,False
2303788832,Ğ¥Ñ€Ğ¸ÑÑ‚Ğ¸Ğ°Ğ½ÑĞºĞ¸Ğµ Ğ¦Ğ¸Ñ‚Ğ°Ñ‚Ñ‹ â™¥â€ ,christian7quotes,False
5767305438,Maxim Maxelf Bedenko,max_maxelf_bedenko,False
15020044,Ğ¡ĞµÑ€Ğ³ĞµĞ¹,skrasnov,False
2276679443,Lilia Krishtal,lili_krishtal,False
5512573483,Ğ¤ĞµĞ´Ğ¾Ñ€ Ğ“Ñ€Ğ¸Ñ†Ğ°Ğº,fedorgritsak,False
3652854879,Ğ¡Ğ½ĞµĞ¶Ğ°Ğ½Ğ° ĞŸÑ€Ğ¾Ñ…Ğ¾Ñ€Ğ¾Ğ²Ğ°,snezhana_09.11,False
14558528579,restartplus,restartpluss,False
6060958532,Andrey Oleynik,chchchpastor,False
5551818877,Ğ˜Ğ»Ğ»Ñ Ğ¡ĞºĞ¾Ñ‡ĞºĞ¾,illya_skochko,False
7020559292,,m.pavlova.17,True
256147593,Valery Riabokonenko,valeryviron,False
6857416545,ĞœĞ¾Ğ»Ğ¾Ğ´Ñ–Ğ¶Ğ½Ğ¸Ğ¹ Ñ€ÑƒÑ…,youthhopekalush,False
6031580364,#Ğ§Ğ°Ğ²Ğ¸ĞºĞ¸ ğŸ˜™,masha_chava,False
3907689882,Maryna Chava,m.chava24,False
1466890857,âœ¨ĞœĞ¸Ğ»Ğ° Ğ¡ĞµÑ€Ğ¸ĞºĞ¾Ğ²Ğ°âœ¨,_vladimirovna00,False
190658973,WorshipU,worshipu,False
4210822224,ĞĞ»Ğ¸Ğ²ĞºĞ¾Ğ²Ñ‹Ğ¹ Ğ¡Ğ°Ğ´,olivegarden_church,True
5473631884,ğŸ‘‘ğŸ–¤ĞšĞ°Ñ€Ğ¸Ğ½Ğ¾Ñ‡ĞºĞ° Ğ¤ĞµĞ´Ğ¾ÑĞ¾Ğ²Ğ°ğŸ–¤ğŸ‘‘,keri_korona17,False
1063077181,Krishtal Vitalii,krishtal_89,True
4050480726,Ğ”Ğ¼Ğ¸Ñ‚Ñ€Ğ¾ Ğ‘Ğ¾Ğ²Ğ´ÑƒĞ¹,bovdui.d,True
9435004904,Kristina,k_r_i_s1908_,True
6180468584,Ilius Haricov,iliuha_04,False
4464928743,Galina Mironenko,galina.mironenko,False
6923559085,Igor Martin,igor_martin1,False
1281590504,â€ = â¤ Pavlina DubceacğŸ’,pashka_girl,True
482765079,ĞĞ½Ğ´Ñ€ĞµĞ¹,drunyagots,False
7609850162,ğŸ’–âŸ…Ğ¡âŸ†âŸ…Ğ½âŸ†âŸ…ĞµâŸ†âŸ…Ğ¶âŸ†âŸ…Ğ°âŸ†âŸ…Ğ½âŸ†âŸ…Ğ°âŸ†ğŸ’–,snezhana_prohorova,False
6315262671,,christians.gad,False
6357099129,á©áªá‘Œá¢á•¼Â áªá–´Â áá†á¯á†á‘á€Â á€áªá—,youth.lg,False
6181296366,Ğ¡Ğ»Ğ¾Ğ²Ğ¾ Ğ‘Ğ»Ğ°Ğ³Ğ¾Ğ´Ğ°Ñ‚Ğ¸,slovo_blagodati_church,False
6649365937,elena litkevich,litkevichelenatihonovna,False
372990624,ĞœĞ¾Ğ»Ğ¾Ğ´ĞµĞ¶Ğ½Ğ¾Ğµ Ğ´Ğ²Ğ¸Ğ¶ĞµĞ½Ğ¸Ğµ,youthsamara,False
19509164875,domashniy tekstil,domashniyteksti,False
12742443070,Gâ™¥Lâ™¥Oâ™¥Râ™¥Iâ™¥A,_gloria._.azudiugvu_,False
4348537503,Ğ˜Ğ»Ğ»Ñ Ğ¡ĞºĞ¾Ñ‡ĞºĞ¾,illia.skochko,False
21264970774,ÑĞ²Ñ–Ñ‚Ğ»Ğ°Ğ½Ğ° Ğ»Ğ¾Ğ±Ğ¾Ğ¹ĞºĞ¾,svitlanaloboiko,False
25515148026,Kolian2280198,kolian2280198,False
3266672780,ĞĞ»ĞµĞ³ ĞŸÑƒÑÑ‚Ğ¾Ğ²Ğ¾Ğ¹,oleg_redeem,False
8889780926,_max_03,maxks.top,False
14352032122,HOOK - Create Your Own Design,hook.lviv,False
242445560,Matthew Zyrianov,matthewzyr,False
4649995063,"Ğ”Ğ•ĞĞ˜Ğ¡, Ğ¡Ğ¢ĞĞ  ĞĞ Ğ’ Ğ”Ğ£Ğ¨Ğ• 17",den.b03,False
30397413,Hillsong Worship,hillsongworship,False
5429003863,Ğ¤Ğ°Ğ´Ñ”Ñ”Ğ² Ğ’Ğ¾Ğ»Ğ¾Ğ´Ğ¸Ğ¼Ğ¸Ñ€,vfadieiev,False
3966815785,Albina,albina_yakushevskaja,True
5810361020,Ğ¥Ñ€Ğ¸ÑÑ‚Ğ¸ÑĞ½ÑÑŒĞºÑ– ĞœĞ¾Ñ‚Ğ¸Ğ²Ğ°Ñ‚Ğ¾Ñ€Ğ¸ğŸ™ğŸ»â¤ï¸ğŸ‡ºğŸ‡¦,christian_motivators,False
4469619249,ĞšÑ€Ğ°Ğ¼Ğ½Ğ¸Ñ†Ñ Ğ´Ğ¸Ñ‚ÑÑ‡Ğ¸Ñ… ĞºĞ½Ğ¸Ğ¶Ğ¾Ğº,vkramnytsi_bookstore,False
371485561,Ğ¡Ğ»Ğ¾Ğ²Ğ¾ Ğ¶Ğ¸Ğ·Ğ½Ğ¸ Music,wolrusmusic,False
8310747468,Ğ¢Ñ‘Ğ¼Ğ°,tem4ik_is_good,False
5316653947,Ğ˜Ğ»ÑŒÑ ĞšĞ¾Ñ€Ğ¶Ğ¸ĞºĞ¾Ğ² | SMM growth ğŸ‘ŒğŸ»,iliya_marketer,False
16365855903,vika,vika_simenyuk,False
8413631268,Ğ’Ğ¸ĞºÑ‚Ğ¾Ñ€Ğ¸Ñ Ğ‘ĞµÑ€Ğ´Ğ¾ÑƒÑ,viki_ous,False
5834045786,Elena Elena,le_nysya78,False
5458460460,DARINKA KLIAVINSH,darinka_kliavinsh,False
4569237338,,6pmkiev,False
8772835867,Bouquets,bouquets_kharkiv,False
1090465167,âœï¸ĞŸĞĞ¡Ğ¢ĞĞ | Ğ¡ĞĞœĞĞ ĞĞ—Ğ’Ğ˜Ğ¢Ğ˜Ğ•| Ğ‘Ğ˜Ğ‘Ğ›Ğ˜Ğ¯,neboblizko.ea,False
363813219,ĞĞ½Ğ´Ñ€ĞµĞ¹ Ğ“ÑƒÑ€Ğ¸Ğ½,andrey_gurin,False
7629928868,Ğ¡Ğ¸Ğ»Ğ° Ğ¡Ğ»Ğ¾Ğ²Ğ° âœï¸,holybible.rus,False
6725813121,Christiansâ€ ,christians.insta,False
4679339512,Eclipce_99,serikoffrost,False
6859779096,Irina Nazarchuk âœ¨,jrunka777,False
5356592195,Ksysha Sorokina,ksyshasorokina,False
1719025219,ĞœĞ•Ğ§Ğ¢ĞĞ™,mechtay.co,False
4716040973,Ğ¥Ñ€Ğ¸ÑÑ‚Ğ¸ÑĞ½ÑÑŒĞºĞ¸Ğ¹ grace.lviv Ğ¼Ğ°Ğ³Ğ°Ğ·,grace.lviv,False
5744364460,Life for God|Official,life.w_faith,False
7112721579,,ostrov_youth,False
4371189879,Ğ¯ĞºÑƒÑˆĞµĞ²ÑĞºĞ¸Ğ¹ ĞŸĞ°ÑˆĞ°,yakushevskiy_pashka,False
7065326515,Lyu Fort,lyufort,False
6653321296,ĞœĞ°Ñ€Ğº Ğ”Ğ¼Ğ¸Ñ‚Ñ€Ğ¸ĞµĞ²,mark_dmitriev77,False
1130521095,Illia Sakovich,hivokas,True
5946963882,ĞĞ½Ğ°ÑÑ‚Ğ°ÑĞ¸Ñ Ğ¢Ğ°Ñ‚Ğ°Ñ€Ğ¸Ğ½Ñ†ĞµĞ²Ğ°,tatarinceva2770,False
3552214511,Ğ•Ğ»ĞµĞ½Ğ°,edglowsk,True
1592217287,Ñ…Ñ€Ğ¸ÑÑ‚Ğ¸Ğ°Ğ½ÑĞºĞ¸Ğ¹ Ğ²Ğ¸Ğ´ĞµĞ¾Ğ±Ğ»Ğ¾Ğ³,tsartsarey,False
8886269756,ĞĞ½Ğ°ÑÑ‚Ğ°ÑĞ¸Ñ Ğ¥Ğ°Ğ½Ğ´Ğ¾Ğ¶ĞµĞ½ĞºĞ¾,maneki_nana_tattoo,False
195814999,Bethel Church,bethel,False
12532455278,Pled Puffi,pledik_puffi23,False
5793889671,ĞĞ°Ñ‚Ğ°Ğ»Ğ¸Ñ Ğ”ÑƒĞ»Ğ³ĞµÑ€,nataliiadulger,False
2164616767,#Ğ®Ğ¡ĞŸĞ˜Ğ¢Ğ•Ğ ,youthpiter,False
8657005235,inka_._ yaroslavivna,inesa_03.14,True
3079397105,Ğ’ĞµÑ€Ğ¾Ğ½Ğ¸ĞºĞ° ĞšĞ°Ğ¹Ğ»Ğ¾Ğ²Ğ°,kaylovanika,False
3945782810,Emma Lot - Ğ­Ğ»Ğ»Ğ° Ğ˜ÑÑŒĞµĞ¼Ğ¸Ğ½Ğ¸,_crazy_el_969_,True
6061211144,ĞĞ Ğ¢Ğ˜ Ğ”ĞĞ‘Ğ Ğ«Ğ™ / ğŸ…¿ï¸RO Ğ ĞĞ—Ğ’Ğ˜Ğ¢Ğ˜Ğ•,artie_dobry,False
19799767,Sergey Martyunichev ğŸ‚ğŸ¯âœˆï¸âš“ï¸ğŸ’’ğŸ“š,pssergey,False
3506410193,ĞœĞ°Ñ€Ñ‚Ğ°,khrushch_marta,False
6625395186,Ğ¥Ğ»Ñ–Ğ± ĞĞ°Ñˆ ĞĞ°ÑÑƒÑ‰Ğ½Ğ¸Ğ¹,odbukraine,False
29045334838,Nikol_mikki,niko.lmikki,False
6158965954,Ğ‘Ğ˜Ğ‘Ğ›Ğ˜Ğ¯ ĞĞĞ›ĞĞ™Ğ,biblepoem,False
4634161744,Ğ¼Ğ°ĞºÑĞ¸Ğ¼ Ğ¼Ğ°ĞºĞ¾,maksimmako,False
8890534150,Ğ‘Ğ¸Ğ±Ğ»ĞµĞ¹ÑĞºĞ¸Ğ¹ Ñ†ĞµĞ½Ñ‚Ñ€ | ĞŸĞµÑ€Ğ¼ÑŒ,bible.perm,False
13053620994,ÑĞ»Ñ Ğ¿ĞµÑ‚Ñ€ÑƒÑ…Ğ½Ğ¾Ğ²Ğ°,_juliaaa_______________,False
2615710619,Grotesknaya_XVIII,rokssa_,False
1552022985,ĞœĞ¾Ğ»Ğ¾Ğ´ÑŒ Ğ¯ Ğ’Ñ–Ñ€Ñ,ibelieve.ua,False
4131322109,ĞœĞ°Ğ³Ğ°Ğ·Ğ¸Ğ½ Ğ¯ Ğ’Ñ–Ñ€Ñ,ibelieve.shop,False
2142421271,ĞœĞ¾Ğ»Ğ¾Ğ´ĞµĞ¶ĞºĞ°_Ğ¢ĞœĞ,molodezhka_tmn,False
4294169896,Magaziy Danyil,magaziydan,False
6017530189,MAKOVSKYI,pasha.odessa,True
5441225742,Ğ¦Ğ•Ğ ĞšĞĞ’Ğ¬ Ğ¡Ğ›ĞĞ’Ğ« Ğ‘ĞĞ–Ğ¬Ğ•Ğ™,glorygodmoscow,False
6745522841,ĞĞºĞµĞ°Ğ½ Ğ‘Ğ¾Ğ¶ÑŒĞµĞ¹ Ğ›ÑĞ±Ğ²Ğ¸ ğŸ‹,oglproject,False
1551983690,ĞšÑ€Ğ°ÑĞ¸Ğ²Ğ¾ ÑĞºĞ°Ğ·Ğ°Ğ½Ğ¾,ikc_of,True
8320312944,Ğ›Ğ°Ñ€Ğ¸ÑĞ° Ğ£ÑÑ‚Ğ¸Ğ½Ğ¾Ğ²Ğ°,ystinowa_larisa,False
6549866096,Ğ®Ñ€Ğ¸Ğ¹ Ğ”Ñ€Ğ¾Ğ±Ğ¾Ñ‚,drobotyriu,False
5652872269,Ğ¥Ñ€Ğ¸ÑÑ‚Ğ¸Ğ°Ğ½ÑĞºĞ°Ñ Ğ¡ĞµĞ¼ÑŒÑ,khristianskaiasemia,False
4289376814,ĞĞ»ÑŒĞ¾Ğ½ĞºĞ°,alonkalebedyn,False
6444694894,NEW GENERATION CHURCH,ng.mn.church,False
1282638507,ĞĞ½Ğ°ÑÑ‚Ğ°ÑĞ¸Ñ,anasteziya92,False
5527458105,ğŸ’ŒÑ…Ñ€Ğ¸ÑÑ‚Ğ¸Ğ°Ğ½ÑĞºĞ¸Ğµ Ğ·Ğ°Ğ¼ĞµÑ‚ĞºĞ¸ğŸ’Œ,my_zametki_,False
1332097140,HotPlace,hot_place,False
1593958096,Alina  Apostol,apostol_alina_,False
1308078842,WORSHIP ZC,worship_iamzc,False
668930942,Ğ‘Ğ¾Ğ³ â¤ï¸ Ñ‚ĞµĞ±Ñ,god_mylife,False
281263167,ğŸ…½ğŸ…¸ğŸ…¶ğŸ…°ğŸ…½ğŸ…¸ğŸ…µ      Ğ¤Ğ¸Ğ½Ğ°Ğ³Ğ¸Ğ½ Ğ’Ğ»Ğ°Ğ´Ğ¸Ğ¼Ğ¸Ñ€,niganif,False
7851435135,Ğ¤Ğ¾Ñ‚Ğ¾Ğ³Ñ€Ğ°Ñ„ Ğ¥Ğ°Ñ€ÑŒĞºĞ¾Ğ²,dariaboiko_photographer,False
573202640,Ğ¡ĞµĞ¼ĞµĞ¹Ğ½Ñ‹Ğ¹ Ñ„Ğ¾Ñ‚Ğ¾Ğ³Ñ€Ğ°Ñ„ Ğ¥Ğ°Ñ€ÑŒĞºĞ¾Ğ²,anzhela.honcharova,False
7033637974,jackson-ngouÃ©lÃ© mbou,jacksonngouele,False
10573036987,Ğ¥Ñ€Ğ¸ÑÑ‚Ğ¸ÑĞ½ÑÑŒĞºÑ– Ğ’Ñ–Ñ€ÑˆÑ–,khristiian_virshi,False
4395778,Hillsong Church,hillsong,False
9198078778,Timur,tim.5225,True
3123822794,ğŸ˜ğŸ˜Š AffreyğŸ˜ŠğŸ˜,affreyjeshanth,True
8994436288,ĞŸĞµĞ²Ğ½ĞµĞ²Ğ° Ğ’Ğ¸ĞºÑ‚Ğ¾Ñ€Ğ¸Ñ,pevnevaviktoriia,False
5565150637,ĞĞ»ĞµĞºÑĞ°Ğ½Ğ´Ñ€ Ğ›ÑĞ±Ğ¾Ğ²ÑŒ Ğ¡ĞºĞ¾Ñ‡ĞºĞ¾,aleksandrliubovskochko,False
4573240268,Dan Erikson,warriorforchrist_danno,False
14175409220,ĞĞ¾Ğ²Ğµ Ğ–Ğ¸Ñ‚Ñ‚Ñ,new_life_church_kharkiv,False
8148441064,Gospel In Action,agospelin,False
10741652289,ğŸ’«â¤SwEtKaâ¤ğŸ’«,20.ve4n0._.malaya.06,False
426259374,Ğ•Ğ²Ğ³ĞµĞ½Ğ¸Ğ¹ Ğ’Ğ¾Ğ¹Ñ‚,voyte,False
2921014202,Mr. Martin,mr.martin4,False
18438392,#ĞœĞ˜Ğ¨ĞĞ›Ğ˜ / ĞœĞ˜Ğ¨ĞNUTEKI,mishanuteki,False
27378906,Jeremy Riddle,jeremymriddle,False
7112748132,HOLY SPIRIT NIGHT UKRAINE,holyspiritnightua,False
1552884573,ImprintBand,imprintband,False
6827464680,Ğ¡ĞµÑ€Ğ³ĞµĞ¹ ĞŸĞ¾Ğ¼Ğ°Ğ·Ğ°Ğ½,pomazannik5,False
507601098,ĞœĞĞ¡ĞšĞ˜ Ğ˜ Ğ¤Ğ˜Ğ›Ğ¬Ğ¢Ğ Ğ« Ğ´Ğ»Ñ Ğ¡Ğ¢ĞĞ Ğ˜Ğ¡,anyazhikh,False
1759415706,Â«Ğ¡Ğ»Ğ¾Ğ²Ğ¾ Ğ¶Ğ¸Ğ·Ğ½Ğ¸Â» Ğ”Ğ¾Ğ»Ğ³Ğ¾Ğ¿Ñ€ÑƒĞ´Ğ½Ñ‹Ğ¹,woldolgoprudny,False
7068564282,Ğ¡ĞµÑ€Ğ³ĞµĞ¹ Ğ“Ğ¾Ğ»Ğ¾Ñ,golossergey,False
1523892444,NOW_UA,now_ua,False
1789870190,Ğ’Ñ€ĞµĞ¼Ñ Ğ–Ğ¸Ñ‚ÑŒ âœ Ğ–Ğ¸Ğ²Ğ¸ Ğ´Ğ»Ñ Ğ‘Ğ¾Ğ³Ğ°!,1iveforgod,False
5522984638,Ğ¢Ğ°Ğ½ÑÑˆĞ° ĞšÑ€Ğ¸Ğ²Ğ¾ÑˆĞµÑ,taniushakrivosheia,False
8277868628,ĞšĞ°Ñ†ĞºĞ¸Ğ¹ Ğ”Ğ°Ğ²Ğ¸Ğ´,05david50,False
3207199167,Ğ¡Ğ»ÑƒĞ¶ĞµĞ½Ğ¸Ğµ Ğ”Ğ¶Ğ¾Ğ¹Ñ ĞœĞ°Ğ¹ĞµÑ€,joycemeyerrussian,False
4247414233,Ğ”Ğ•Ğ¢Ğ¡ĞšĞ˜Ğ™ Ğ›ĞĞ“Ğ•Ğ Ğ¬ Ğ½Ğ° Ğ§Ñ‘Ñ€Ğ½Ğ¾Ğ¼ Ğ¼Ğ¾Ñ€Ğµ,camp.pearl,False
218595088,hillsongkiev,hillsongkiev,False
1781897955,Rostislav Shkinder,rostislavshkinder,False
6128572753,"Ğ¦ĞµÑ€ĞºĞ¾Ğ²ÑŒ ""Ğ‘Ğ»Ğ°Ğ³Ğ¾Ğ´Ğ°Ñ‚ÑŒ"" Ğ³.Ğ“Ğ¾Ğ¼ĞµĞ»ÑŒ â€ ",gomelgrace,False
7219442098,lala.gayda,lala.gayda,False
451023868,ĞĞ½Ğ½Ğ° Ğ’Ğ¾Ğ¹Ñ‚,voyt_a,False
13217625437,Awaken 2020,awaken2020,False
3589864571,Ğ‘Ğ¸Ğ±Ğ»Ğ¸Ñ Â· Ğ¡Ğ²ÑÑ‰ĞµĞ½Ğ½Ğ¾Ğµ ĞŸĞ¸ÑĞ°Ğ½Ğ¸Ğµ,scriptrus,False
318731280,ĞŸĞ°Ğ²ĞµĞ»,pavel.b.1979,False
9018477013,Wood Work,woodmaster_kharkov,False
10028149536,â„•Î±ğ••Î¹É´ ğ•Šğ•–ğ•§ğ•£Ï…Ä¸ğ• ğ•§Î±,nadin_sevrukova,False
8616679998,Taxseen,taxseen,False
3601242099,ĞšĞ°Ğ¹Ğ´Ğ°Ğ»Ğ¾Ğ²Ğ° ĞĞ½Ğ°ÑÑ‚Ğ°ÑĞ¸Ñ,anastalex1607,False
3941253474,ĞŸĞ°Ğ²ĞµĞ» ĞšĞ»ÑÑƒĞ·ĞµÑ€,syndicat_shoes,False
791736598,Ğ¢ĞµĞ»ĞµĞºĞ°Ğ½Ğ°Ğ» Â«ĞĞ°Ğ´Ñ–ÑÂ»,tvhopeua,False
6198607611,Markphus Persival,prostomarkpus,False
3659024518,ĞœĞ°ĞºÑĞ¸Ğ¼ Ğ§Ğ°Ğ±Ğ°Ğ½,chaban.maksim,False
5713479356,ĞĞ°Ñ†Ñ–Ğ¾Ğ½Ğ°Ğ»ÑŒĞ½Ğ¸Ğ¹ Ğ”ĞµĞ½ÑŒ ĞœĞ¾Ğ»Ğ¸Ñ‚Ğ²Ğ¸,national_prayer_day,False
3553340917,ELINA SERGIEIEVA,elina__sergeeva,False
36463451,Alexander EvsyukovÂ©ï¸,yevsyukovorg,False
17160922642,Ğ®Ğ»Ğ¸Ñ Ğ¡ĞºĞ¸Ğ±Ğ°,skiba6718,False
3091854159,Má´€Ê€ÉªÉ´á´€ Iá´ á´€É´á´‡É´á´‹á´,christi_an_m,False
6350844737,Ğ’Ğ°Ğ»ĞµÑ€Ğ¸Ñ Ğ›Ñ‹Ğ·ÑŒĞºĞ¾,valeriya__lyzko,False
3223046406,Sergei Klyauzer,sergei_klyauzer,False
6205431437,ĞĞ½Ğ½Ğ°,anna_vyshnyk,False
2279618137,âš¡ĞŸĞ¾Ğ²ÑĞµĞ´Ğ½ĞµĞ²Ğ½Ğ°Ñ Ğ¶Ğ¸Ğ·Ğ½ÑŒ Ğ¡Ğ¾Ğ½Ğ¸âš¡,sonya.katskaya,False
3187235431,Viktor White,l.v.v._white,False
1523823338,Valeriy Kuzmitch,valeriy_kuzmitch,False
7012960659,Ğ¡Ğ²Ğ¸Ğ´ĞµÑ‚ĞµĞ»ÑŒÑÑ‚Ğ²Ğ° Ğ‘Ğ¾Ğ³Ğ°,svidetelstvaboga,False
4922762225,Snezhok_Bondarenko,snejusik_bondarenko,False
1803505681,Malvina  Chemeris,malv_ch,False
3048822354,ĞœĞµĞ¶Ğ´Ñƒ Ğ¾Ñ‚Ñ‡Ğ°ÑĞ½Ğ¸ĞµĞ¼ Ğ¸ Ğ½Ğ°Ğ´ĞµĞ¶Ğ´Ğ¾Ğ¹...,serjo.wap,False
6436231266,Ğ˜Ğ¸ÑÑƒÑ Ğ¥Ñ€Ğ¸ÑÑ‚Ğ¾Ñ - Ğ“Ğ¾ÑĞ¿Ğ¾Ğ´ÑŒâ€ ,jesuschrist_is.lord,False
3558241668,Veronica Pomazan,veronicapomazan,False
183503344,CHEF,sashachef,False
4035000339,Ğ¢Ğ°Ğ½Ñ Ğ®Ñ€Ğ¸ÑÑ‚Ğ°-Ğ£Ğ´Ğ¾Ğ²ĞµĞ½ĞºĞ¾,taniaurista,False
7060149486,,kamilka.private,True
16638120130,Ğ ĞµĞ¼Ğ¾Ğ½Ñ‚ Ğ¿Ğ¾Ğ´ ĞšĞ»ÑÑ‡ Ğ¥ĞĞ Ğ¬ĞšĞĞ’ !!!,remont_ua_kharkov,False
3300617178,PashağŸ™,pishkkonskiy,False
5923162890,Ğ“Ñ€Ğ°Ñ„Ğ¸Ñ‡ĞµÑĞºĞ¸Ğ¹ Ğ”Ğ¸Ğ·Ğ°Ğ¹Ğ½,disign_online,False
3094370948,ĞšĞ¾ÑĞ°Ñ€ĞµĞ½ĞºĞ¾ Ğ¡ĞµĞ¼ĞµĞ½,kosarenko_semen,True
3596035279,Ğ•Ğ²Ğ³ĞµĞ½Ğ¸Ğ¹,ship_motors1,False
2365897046,Ğ¡ĞµÑ€Ñ‘Ğ¶Ğ° Ğ¢ĞºĞ°Ñ‡Ñ‘Ğ²,aircool_seruyy,False
2116333292,Ğ¢Ğ¸Ñ‰ĞµĞ½ĞºĞ¾ Ğ Ğ¾Ğ¼Ğ°Ğ½,tishchenko.roman,False
1725700511,Ğ¡ĞµÑ€Ğ³ĞµĞ¹ ĞšÑƒÑ€Ğ¾Ñ‡ĞºĞ¸Ğ½,s.kurochkin,False
3082791262,"Ğ¦ĞµÑ€ĞºĞ¾Ğ²ÑŒ ""Ğ‘Ğ»Ğ°Ğ³Ğ¾Ğ´Ğ°Ñ‚ÑŒ Ğ¥Ñ€Ğ¸ÑÑ‚Ğ°""",church_kharkov,False
3040614282,ĞšĞ¾Ğ¼Ğ¿Ğ°Ğ½Ğ¸Ñ â€œgabriâ€,gabrikharkov,False
383121936,Z O N A   Ğ¡ ĞŸ Ğ Ğ¡ Ğ• Ğ Ğ˜ Ğ¯,iamzc.official,False
25272491146,ĞĞ»ĞµĞºÑĞ°Ğ½Ğ´Ñ€Ğ° Ğ‘Ğ¾Ğ³Ğ´Ğ°Ğ½,aleksandrabogdan7,False
3881522518,Shevchenko Ira,shevchenko5621,False
1450413114,Catherine Sallya,catherine_sallya_4689,False
6062455979,Aleksandr & Yuliya,aleksandr_m_yuliya,True
16589791734,Ğ•Ğ´Ğ¸Ğ½ÑÑ‚Ğ²Ğ¾ Ğ¥Ñ€Ğ¸ÑÑ‚Ğ¸Ğ°Ğ½,christian__unity,True
565790408,Alyona Ivanova,lyosya_ivanova,False
1590039816,PHOTO&DESIGN,remez_karen,False
6900631941,ĞœĞ¾Ğ»Ğ¾Ğ´ÑŒ Ğ£Ğ¦Ğ¥Ğ’Ğ„ ĞŸĞ¾Ğ»Ñ‚Ğ°Ğ²Ñ‰Ğ¸Ğ½Ğ¸,molodpl,False
1647990016,Ğ®Ğ¡ĞšĞĞœĞ•ĞĞ¬,youthcst,False
9622198163,ĞšÑĞµĞ½Ğ¸Ñ Ğ›Ğ¸ÑĞµĞ½ĞºĞ¾Ğ²Ğ°,lisenkova_kseniia,False
4056175069,ĞĞ½Ğ°ÑÑ‚Ğ°ÑĞ¸Ñ ĞĞ°Ğ³Ğ¾Ñ€Ğ½Ğ°Ñ,anastasiia_nagornaya,False
5985403208,@bondarenko_,_artik_cube_love_,False
5683843433,Daron Faustus,daronfaustus,False
1689622794,A R T E M   C H A B A N,_ar4y,False
7337589050,Ğ¡Ğ¾Ñ„Ñ–Ñ,sofia_korzhyk,False
7797996625,ĞŸĞµÑ‚Ñ€ Ğ›Ğ¾Ğ±Ğ¾Ğ¹ĞºĞ¾,loboikopetr,False
8289395093,ğŸ™‚ğŸ¤—ğŸ˜‰ğŸªğŸ°MMDğŸ’’ğŸ•,mmd_kharkov,False
4227657622,,sofa_drobot,False
7732788014,Xomka,mak_s_lav,False
9176678074,ĞœĞ¾Ğ»Ğ¾Ğ´ÑŒ Ğ„Ğ¥Ğ‘ Ğ¼. Ğ‘ĞµÑ€ĞµĞ·Ğ½Ğµ,molodberezne,False
1462025213,Inna Matuszczyk (Balika),innainulea,False
1511962866,#DCChurch #DCChurchua,dcchurch_ua,False
4111132431,Angelina,angel__zin,False
3656658322,lizi_kaminskaya,lizi_kaminskaya,False
12822423840,ĞŸĞµÑ‡Ğ°Ñ‚Ğ°ĞµÑ‚...,yarik_chel_05,False
3049320506,79 Band,79.band,False
2243762121,SKEEMANS WORSHIP,skeemansworship,False
6557490621,Â«ĞÑĞ¾ĞºĞ¾Ñ€ĞºĞ¸Â» Ğ”Ğ¾Ğ¼Ğ°ÑˆĞ½ÑÑ Ğ“Ñ€ÑƒĞ¿Ğ¿Ğ°,osokorky_home_group,False
3737037547,Ğ¡Ğ»Ğ¾Ğ²Ğ¾ ĞĞ±Ğ¾Ğ´Ñ€ĞµĞ½Ğ¸Ñ,obodrenie,False
1064845439,ğŸ¾ Ğ®Ğ»Ğ¸Ğ°Ğ½Ğ½Ğ° ğŸ¾ ĞœĞ°Ñ‚ÑŒ-Ğ³ĞµÑ€Ğ¾Ğ¸Ğ½ ğŸ¾,emmilfox,False
6848480924,ĞŸĞ°Ğ²ĞµĞ» ĞšĞ°Ñ†ĞºĞ¸Ğ¹,_.nice._.boy_,False
7394220602,Ğ›Ğ¾Ğ±Ğ¾Ğ¹ĞºĞ¾ ĞĞ¸ĞºĞ¾Ğ»Ğ°Ğ¹,lobojkok2008,False
6652132165,Youth Ustream,u__stream,False
7561661083,Petea Taran,barsi_ilona,False
3435903165,ĞšÑÑÑˆĞ° Ğ¯Ñ†ÑƒĞ½,ksiusha__yacun,False
8891837224,Ğ”Ğ°Ñ€ÑŒÑ Ğ“Ğ°Ğ²Ñ€Ğ¸Ğ»Ğ¾Ğ²Ğ°,g.dasika,True
3618671161,ĞĞ²Ğ°Ğ½ĞµÑÑĞ½ Ğ›ÑĞ±Ğ¾Ğ²ÑŒ,avanesianliubov,False
1766523015,YOUTHURALWSP,youthuralwsp,False
6452478482,â€¢ĞœĞ°Ğ½Ğ¸ĞºÑÑ€â€¢ ĞŸĞµĞ´Ğ¸ĞºÑÑ€â€¢,dian_nails16,False
4686769968,,mldk_kh,False
6695161185,Ğ¦ĞµÑ€ĞºĞ²Ğ° Â«ĞšĞ¾Ğ²Ñ‡ĞµĞ³Â»,kovcheg_chervonograd,False
4223974235,â€  Ğ–Ğ¸Ğ·Ğ½ÑŒ Ñ Ğ˜Ğ¸ÑÑƒÑĞ¾Ğ¼ Ğ¥Ñ€Ğ¸ÑÑ‚Ğ¾Ğ¼ â€ ,jususlife,False
609666797,Ê€á´œsÊŸá´€É´á´‹á´€ á´›á´‡É´á´›Éªá´œá´„ ğŸ“·âœ¨,ruslankanaum,False
11077305273,Baraxolka,baraxolka_baku1,False
4114198617,Daniil_Duvanskii,daniil_duvanskii,False
23217484458,ĞšĞ°Ñ†ĞºĞ¸Ğ¹ ĞœĞ¸Ñ…Ğ°Ğ¸Ğ»,katskiy_michael,False
8632384572,,_.cat__murr._,False
4570095947,"ĞœĞ¾Ğ»Ğ¾Ğ´Ñ–Ğ¶Ğ½Ğ¸Ğ¹ Ñ€ÑƒÑ… ""Ğ—Ğ°Ğ¥Ñ€Ğ¸ÑÑ‚Ğ¾Ğ¼""",zahristom,False
5450582605,ĞšĞ°Ğ»Ğ¸Ğ½ ĞÑ€Ñ‚ÑƒÑ€,alpakoo,False
2067701203,Ğ¦ĞµÑ€ĞºĞ¾Ğ²ÑŒ Â«Ğ”Ğ¾Ğ¼ Ğ‘Ğ¾Ğ¶Ğ¸Ğ¹Â»,dombozhiy.nn,False
3384706,M Î Î S H  F O M Î N K O,meeshfomenko,False
4906982083,Ğ’ĞµÑ€Ğ¾Ğ½Ğ¸ĞºĞ° Ğ›ÑƒĞºÑŒÑĞ½ĞµĞ½ĞºĞ¾,nikoletii,False
4533312012,Nika gorobets,nikagorobets,False
6591184228,"Ğ¦ĞµÑ€ĞºĞ²Ğ° ""ĞĞĞ”Ğ†Ğ¯""",available.hope,False
13488644896,ĞœĞĞ® Ğ–Ğ˜Ğ—ĞĞ¬ Ğ˜Ğ—ĞœĞ•ĞĞ˜Ğ› Ğ‘ĞĞ“,god_changed_my_life,False
7649109291,Tanya Cretu,tanya_cretu,False
1423445366,Steiger Union,steigerunion,False
3083078727,Anton Yanko,anton.yanko,False
1150390827,Ğ‘Ğ¾Ğ³Ğ´Ğ°Ğ½ Ğ¢Ğ¸ÑˆĞ°ĞºĞ¾Ğ²,bogdan_tishakov,False
11051592793,bokOBok,bokobok_youth,False
5357947031,ĞšÑÑÑˆĞ° Ğ©ĞµÑ€Ğ±Ğ¸Ğ½Ğ¸Ğ½Ğ°,shcherbininaksiusha,True
2204067451,â €â €â €â €â €     â €ğŸ…šğŸ…¤ğŸ…©ğŸ…”ğŸ…ğŸ…¢ğŸ…šğŸ…˜ğŸ…¨   ğŸ…œğŸ…ğŸ…¡ğŸ…š,mark_kuzenskiy,False
1100392872,Ğ Ğ¾Ğ·Ğ°Ğ»Ğ¸Ñ,khomenko_rozaliia,True
531246860,Melitopol Christian Church,mlt.church,False
