10266089761,YAKUSHEVSKYI,yakushevskyi.p,False
4847375641,–≠–ö–ó–ï–ì–ï–¢–™.–†–£,ekzeget,False
8938748268,Aiex Quinn,werg576355,False
10014686546,Aurika Prikhodko,aurika_art,False
3193622672,–°–µ—Ä–≥–µ–π –®—É–±–∏–Ω,sergikshubin,False
1621362186,Borys,goodft100,False
4326673604,Arina Laskavetskayaüåæ,arinals6323,False
8639559619,–í–µ—Å–µ–ª—ã–π –°—ã–Ω –ü–∞—Å—Ç–æ—Ä–∞,veseliy_syn_pastora,False
1796618941,Aleksandr Shevchenko Ministry,aleksandrshevchenkoorg,False
11635113164,–ê–Ω–Ω–∞ –ß—É–º–∞–∫üá∫üá¶,chumak_ann_romanovna,False
20220274947,–ª.—å.–æ.—Ö.–∞._008,l.o.k.h.a_008,False
10155883307,Pavel Klyauzer,pavel_klyauzer,False
3067205586,–ú–æ–ª–æ–¥–µ–∂—å —Ü–µ—Ä–∫–≤–∏ –î–æ–±—Ä–∞—è –≤–µ—Å—Ç—å,youth_dv,False
10855814,–ö–∞—Ä–∞–≥—è–Ω –ö–∞—Ä–µ–Ω –ê–ª–µ–∫—Å–∞–Ω–¥—Ä–æ–≤–∏—á,worshipovec,False
6989552690,Anastasiya_Mart,_anastasiya_mart_,False
18267758011,–•—Ä–∏—Å—Ç–∏–∞–Ω—Å–∫–∞—è –ú—É–∑—ã–∫–∞–ª—å–Ω–∞—è –®–∫–æ–ª–∞,worship_music_school,False
7572621907,–ê–¥–∞–º –ê–Ω–¥—Ä–µ–µ–≤–∏—á,adam_sopin777,False
7110436559,–ø—Ä–æ—Ç–æ–∏–µ—Ä–µ–π –ê–Ω–¥—Ä–µ–π –¢–∫–∞—á–µ–≤,andreytkachev_official,False
9619073862,Igor amigo,igor_amigo001k,False
5556385747,–ó–∞—î—Ü—å –°–≤—ñ—Ç–ª–∞–Ω–∞,_zsvitlana_,True
2375379079,NASTYA ZELENOVA,ananastasiyka___,True
1338171996,House Of Bread Church,houseofbreadchurch,False
14881804494,–¶–µ—Ä–∫–æ–≤—å ¬´–°–≤—è—Ç–∞—è –¢—Ä–æ–∏—Ü–∞¬ª,ht.church,False
2228248730,,morik_m_v,True
8429561663,–ê–Ω–¥—Ä–µ–π,andrej.anpilogov,False
4481870526,–í–µ—Å–µ–ª—ã–π –•—Ä–∏—Å—Ç–∏–∞–Ω–∏–Ω,veseliychristianin,False
1273009120,Nick Vujicic,nickvujicic,False
6332056543,,__happy_21080907,False
5109356527,Savsenko  (*-*)----,savsenkolllya,False
6894910188,ryslana9688,ryslanka9688,False
8799765612,–Æ–º–æ—Ä –°–æ–ª–æ–º–æ–Ω–∞,solomonshumor,False
17346738487,Kozlov Alexander,alexkosslov,False
13548381260,–•—Ä–∏—Å—Ç–∏–∞–Ω—Å–∫–∞—è –≥—Ä—É–ø–ø–∞,one_spirit_band,False
7555815974,–¶–µ—Ä–∫–æ–≤—å –î–æ–±—Ä–∞—è –í–µ—Å—Ç—å,churchdobrayavest,False
6067309599,–ò–Ω–Ω–∞ –©–µ—Ä–±–∏–Ω–∏–Ω–∞,inok_shch,False
2226506665,Illya,ilya._.kruglikov,False
3272128261,‚Ä† Quest&Travel Christians ‚Ä†,qt_christians,False
5927486870,"–ú–æ–ª–æ–¥–µ–∂—å —Ü–µ—Ä–∫–≤–∏ ""–ü—Ä–µ–æ–±—Ä–∞–∂–µ–Ω–∏–µ""",pb_church,False
1328313802,yesHEis ‚Ä¢ –ñ–∏–≤–∏ –ú–∏—Å—Å–∏–µ–π üí´,yesheiscis,False
8721294244,–î–º–∏—Ç—Ä–∏–π –õ—è—â–µ–Ω–∫–æ,liashchenko_d,False
9648781361,–û–¢–†–ê–î–ù–´–ô –ü–†–û–¢–ï–°–¢–ê–ù–¢,otradnyy_protestant,False
